Fleet Name,Log.Event Dt,Pumping Hours,Transition Time (hrs),NPT_int,Time Available (hrs),NPT_ext,Ranking Score,Daily_Rank
Frac 32,2024-01-01,19.675277775999998,0.392222222,0.0,20.271944442,0.018333334,0.9520798760860655,1.0
Frac 40,2024-01-01,18.1675,0.423055556,0.096111111,18.990833334,0.302777778,0.944364344386477,2.0
Frac 90,2024-01-01,11.516666665999999,0.933333333,0.333333333,12.783333332,0.0,0.8018252934343493,3.0
Frac 39,2024-01-01,14.626944444,1.876666667,0.537777778,17.895277777,0.984444444,0.7221702064302403,4.0
Frac 21,2024-01-01,12.647499999,2.629444445,2.213333334,17.881944445,0.566666666,0.45074195861100086,5.0
Frac 08,2024-01-01,13.79138889,3.05,2.135,19.469722222999998,0.0,0.442039634229249,6.0
Frac 18,2024-01-01,13.337777778,4.991111111,0.482222222,19.235555556,0.053333334,0.40998609827282184,7.0
Frac 38,2024-01-01,12.294722222,6.27,0.0,18.77611111,0.0,0.3208716750078926,8.0
Frac 10,2024-01-01,8.266388889,4.19,6.4925,19.019444444999998,0.0,-0.1270337373936897,9.0
Frac 32,2024-01-02,10.583611112,0.412222223,0.689722222,12.320555555999999,1.041666666,0.8406560929425025,1.0
Frac 38,2024-01-02,10.393888889,1.907222222,0.0,14.245277776,3.422222222,0.7841285323407109,2.0
Frac 90,2024-01-02,6.483333333,0.716666665,0.666666666,8.883333331,2.033333334,0.7445255480632959,3.0
Frac 40,2024-01-02,8.358333333000001,1.881666666,0.0,10.320833331,0.0,0.6275333065932253,4.0
Frac 08,2024-01-02,8.096666665999999,1.645277777,0.592777777,10.498888887,0.0,0.5580220130964797,5.0
Frac 10,2024-01-02,11.657222222000001,3.8474999999999997,0.0,16.976111111,0.0,0.46004188891880776,6.0
Frac 18,2024-01-02,8.135000001,3.276388888,0.0,11.904166665,0.482222222,0.4253751309373271,7.0
Frac 39,2024-01-02,8.889444445,10.610833333,0.25,19.849722223,0.0,-0.09931569146674199,8.0
Frac 21,2024-01-02,5.005277778,0.5,0.0,22.703055555,34.315,-0.3879865081459232,9.0
Frac 90,2024-01-03,7.933333333,2.166666667,0.6333333329999999,18.799999999,16.133333332,1.9249999996343745,1.0
Frac 32,2024-01-03,11.246111111,0.814722222,0.085277778,12.207222222,0.0,0.8475401629335554,2.0
Frac 39,2024-01-03,10.420277776999999,0.7413888900000001,0.0,11.918611111,0.425,0.8421103510050715,3.0
Frac 10,2024-01-03,11.526666664,1.742222222,0.237777778,13.589166663,0.0,0.7025203900098785,4.0
Frac 08,2024-01-03,13.040833333,2.2997222219999998,0.812777777,16.384444444,0.0,0.6059609386167357,5.0
Frac 38,2024-01-03,8.525277777,1.823333333,0.2975,10.83111111,0.0,0.5913007796667317,6.0
Frac 40,2024-01-03,5.708333333,1.023055556,0.0,21.505277776,0.0,0.21786641520291328,7.0
Frac 18,2024-01-03,1.814722222,0.5,0.0,8.541944444,11.631666666,-0.42551469923046065,8.0
Frac 32,2024-01-04,9.448055555,0.705277779,0.42055555499999997,10.715277779,0.0,0.7766688267578137,1.0
Frac 39,2024-01-04,5.351944444000001,1.62,0.29722222200000004,9.917777778,4.965555556,0.6935719093423188,2.0
Frac 40,2024-01-04,14.003888887999999,1.649722222,1.788888888,17.542499998,0.0,0.6022675091466173,3.0
Frac 21,2024-01-04,8.966944444,1.9425,0.37166666699999995,11.415833334,0.0,0.5827675985060066,4.0
Frac 38,2024-01-04,4.6274999999999995,1.5,0.311666667,7.393333333,1.78,0.501633016597484,5.0
Frac 10,2024-01-04,10.213055556,4.161111111,0.0,15.394444444,1.873888888,0.44761063404042867,6.0
Frac 90,2024-01-04,11.051944445,7.710277778,0.0,18.968333334,0.027222222,0.17642400423293603,7.0
Frac 32,2024-01-05,14.640833331,0.99388889,0.215,16.030555556,0.0,0.8378963782058458,1.0
Frac 90,2024-01-05,20.729722222,2.075833332,0.682222223,23.97111111,0.387222222,0.7620315187349943,2.0
Frac 40,2024-01-05,5.001666667,0.549444444,0.16361111,5.7594444430000005,0.0,0.7446223599243773,3.0
Frac 21,2024-01-05,14.285277778000001,1.73111111,0.440555556,16.770277778,0.425,0.7411076933978064,4.0
Frac 38,2024-01-05,11.484444445,2.709166667,0.555277777,15.477222221,1.022777778,0.5686832194357204,5.0
Frac 08,2024-01-05,10.119444445,4.071111111,0.596666667,15.137500000000001,0.0,0.360143132419488,6.0
Frac 21,2024-01-06,1.476944444,0.0,0.0,2.101111111,1.225,1.6857958145448064,1.0
Frac 40,2024-01-06,4.980833333,1.076944444,0.0,9.055277776999999,5.845,1.216059531349396,2.0
Frac 90,2024-01-06,13.593055555,0.8983333330000001,0.136388889,14.849722221,0.0,0.8456948316003116,3.0
Frac 10,2024-01-06,13.876388889,2.771388889,0.0,16.789166667,0.0,0.6614384275443205,4.0
Frac 32,2024-01-06,4.918055556,1.269166668,0.8694444450000001,7.185277779,0.0,0.3868249117832748,5.0
Frac 39,2024-01-06,4.2472222230000005,1.922222222,1.339166667,7.544444446,0.0,0.1306701031542065,6.0
Frac 38,2024-01-06,4.890555555,5.995833334,0.0,13.656388889,5.204444444000001,-0.13077201183614745,7.0
Frac 18,2024-01-06,0.0,0.0,0.0,0.0,0.0,,
Frac 32,2024-01-07,17.771388889,0.881666668,0.0,18.775833335,0.0,0.8995458108118106,1.0
Frac 38,2024-01-07,2.728888889,1.5,0.0,7.273055556,5.890555556,0.8888888889692583,2.0
Frac 08,2024-01-07,8.738055555,1.545277777,0.17805555599999998,10.532499999,0.0,0.6660073318458113,3.0
Frac 40,2024-01-07,10.115555556,2.161111111,0.469166665,13.714166666,1.477777778,0.6117227760994645,4.0
Frac 90,2024-01-07,1.778333333,2.9250000000000003,0.0,13.27611111,17.023888888000002,0.305959086937091,5.0
Frac 10,2024-01-07,2.3125,3.062777777,0.026388889,5.478055555,0.0,-0.14177780020706635,6.0
Frac 21,2024-01-07,0.0,0.0,0.0,0.0,0.0,,
Frac 32,2024-01-08,15.49138889,0.663333333,0.0,16.288333332,0.0,0.9103482385069352,1.0
Frac 90,2024-01-08,6.726944444000001,0.816666666,0.029444444,7.686666665000001,0.0,0.7650693844677081,2.0
Frac 38,2024-01-08,17.413055557,1.733333333,1.0458333340000001,20.693333336,0.734444444,0.7332015809690494,3.0
Frac 39,2024-01-08,14.451666667,1.848055556,0.420277778,17.20888889,0.162777778,0.7147280252340525,4.0
Frac 40,2024-01-08,12.170833333000001,2.841666667,0.364166666,15.461944445,0.0,0.5798106461893965,5.0
Frac 21,2024-01-08,8.619722222,1.826388889,1.483888889,12.000833335,0.0,0.44242297978717826,6.0
Frac 10,2024-01-08,3.886666668,5.000000001,0.0,8.961666669,0.0,-0.12423284352353989,7.0
Frac 08,2024-01-08,0.0,0.0,0.0,0.0,0.0,,
Frac 18,2024-01-09,2.064722222,0.757777777,0.0,6.001944444,5.981111112,62.733337374932134,1.0
Frac 90,2024-01-09,19.163611109999998,0.950555555,0.391944444,20.640555555,0.0,0.8634026862073965,2.0
Frac 08,2024-01-09,5.079444444,0.0,0.370833333,5.571944444,0.0,0.8450570816567172,3.0
Frac 38,2024-01-09,11.943333334,1.848888889,0.0,14.624722222,1.192777778,0.7515251784345454,4.0
Frac 32,2024-01-09,5.0480555570000005,0.650000001,0.186944444,5.975277781,0.012222222,0.7062002140235302,5.0
Frac 40,2024-01-09,1.988055556,0.389722222,0.0,3.613611111,0.0,0.4423091707723056,6.0
Frac 32,2024-02-01,16.151944444999998,0.5002777780000001,1.142777777,17.935555557,0.0,0.8089456077281854,1.0
Frac 40,2024-02-01,16.253888889,1.8205555549999999,0.0,18.281666666,0.0,0.7894976753319171,2.0
Frac 08,2024-02-01,10.912222222,1.583888889,0.474166667,13.391388888,0.0,0.6611835964180088,3.0
Frac 39,2024-02-01,13.960277777,2.590833334,0.678055555,17.719166665,0.200555556,0.6102874720763345,4.0
Frac 90,2024-02-01,5.8,1.583333334,0.766666667,8.150000001,0.0,0.4233128832609432,5.0
Frac 10,2024-02-01,13.529166667000002,6.513611111,0.0,20.071944444,0.0,0.34952047498801864,6.0
Frac 21,2024-02-01,10.280000000000001,3.858333333,1.5152777780000002,15.831666667,0.04,0.3106948109063706,7.0
Frac 38,2024-02-01,8.242222222999999,4.763055555,0.0,13.239444445,0.0,0.2627879653450216,8.0
Frac 18,2024-02-01,10.395833331999999,4.505277778,2.054166666,17.355555554,0.0,0.22104673492378135,9.0
Frac 90,2024-02-02,3.95,0.766666668,0.666666666,9.200000001,7.633333334,1.606382977956089,1.0
Frac 21,2024-02-02,10.222777778000001,0.683611111,0.534722222,15.850277776,8.638888888,1.2486421942912702,2.0
Frac 38,2024-02-02,4.698333334,0.89,0.0,9.125555556,5.813888888,1.1499748361751485,3.0
Frac 18,2024-02-02,9.264722223,1.0,0.0,10.811944445,0.019444444,0.7657838519559153,4.0
Frac 40,2024-02-02,12.169722221,1.460555555,0.267777778,13.932777776,0.0,0.7494118585588788,5.0
Frac 32,2024-02-02,8.170555555,0.882777779,0.326944445,9.517777778000001,0.0,0.7313506885073231,6.0
Frac 10,2024-02-02,6.996111111,3.996388889,0.0,13.873888889,5.703333334,0.36713809750235527,7.0
Frac 08,2024-02-02,4.2475000000000005,2.036944444,2.0636111120000002,8.479444444,0.0,0.017329489563903826,8.0
Frac 39,2024-02-02,9.448888888,9.365555555,0.0,19.005833332999998,0.0,0.004384618739937499,9.0
Frac 32,2024-02-03,17.343333335,0.815,0.078333333,18.425277778,0.102777778,0.8978032474826032,1.0
Frac 38,2024-02-03,9.222499999,1.01,1.230833333,13.578611109999999,3.727222222,0.7086987170412474,2.0
Frac 90,2024-02-03,17.933333333,1.949999995,1.433333332,21.31666666,0.0,0.6825645040133118,3.0
Frac 08,2024-02-03,13.401666668,2.955555555,0.949722222,20.268333334,5.325555556,0.6355169722848568,4.0
Frac 40,2024-02-03,17.777222223,3.229444445,0.738611111,21.905555557,0.0,0.6303956378128575,5.0
Frac 39,2024-02-03,17.246388889,3.6233333329999997,0.6105555549999999,22.197222223,0.131666668,0.5897200262447686,6.0
Frac 10,2024-02-03,14.126388888,4.330277778,0.0,18.573611110999998,0.0,0.5274209226981376,7.0
Frac 18,2024-02-03,8.618888890000001,2.339166667,0.141944444,23.962222223,25.425,-4.1959741770126735,8.0
Frac 21,2024-02-04,5.989444444,0.545277778,0.015277778,7.848611110999999,2.4494444459999998,1.0055049649036907,1.0
Frac 32,2024-02-04,15.396944444,0.593333334,0.0,16.162500002,0.0,0.9159233477598238,2.0
Frac 38,2024-02-04,9.473611111,1.0,0.996944444,13.436666665999999,3.69888889,0.767800091456924,3.0
Frac 10,2024-02-04,14.290833333,5.829722221,0.0,20.247499998000002,0.0,0.417884238194136,4.0
Frac 40,2024-02-04,7.301388889,1.8533333330000001,2.7725,12.030555556,0.0,0.22239667516149078,5.0
Frac 90,2024-02-04,7.4725,5.863055554000001,1.041111111,18.956944442,8.977222222,0.056948813050229315,6.0
Frac 39,2024-02-04,5.694722221,1.1425,4.329722224,12.118611111,1.346666666,0.02065550914563781,7.0
Frac 32,2024-02-05,14.341666669,1.0661111110000001,0.0,15.514999999,0.0,0.8556593979281766,1.0
Frac 21,2024-02-05,14.038333334,1.707777778,0.0,16.373611112,0.131666666,0.7591797642822699,2.0
Frac 40,2024-02-05,11.149166666,1.838055555,0.0,13.097499999,0.113888888,0.7171434072845436,3.0
Frac 90,2024-02-05,16.272222221,2.230277776,1.373055555,21.33694444,2.403888888,0.6691412727969162,4.0
Frac 08,2024-02-05,13.91,2.2175,0.864166667,17.171388889,0.0,0.6306032320971215,5.0
Frac 18,2024-02-05,0.0,0.0,0.0,24.0,48.0,-0.0,6.0
Frac 38,2024-02-05,6.7575,1.0,7.3488888889999995,19.270833334,8.057777778,-0.14192285778415342,7.0
Frac 39,2024-02-06,13.995833333,1.036666667,0.913888889,19.825555556,7.629999999999999,0.9876776602500844,1.0
Frac 90,2024-02-06,13.580277777,0.814722222,0.0,14.728333332,0.0,0.866734563052324,2.0
Frac 32,2024-02-06,12.140833333,1.022222224,0.940555556,14.79138889,1.172777778,0.7473636973179766,3.0
Frac 10,2024-02-06,10.045833333000001,3.1061111109999997,0.0,13.283888889,0.013333334,0.5229413488559863,4.0
Frac 38,2024-02-06,5.996111111,4.515555556000001,0.0,15.138055557000001,8.681666666,0.22931635314964477,5.0
Frac 40,2024-02-06,9.594999999999999,10.965,0.0,20.596111111,0.0,-0.06651741159370177,6.0
Frac 21,2024-02-06,0.0,0.5,0.0,0.0,0.0,-inf,7.0
Frac 39,2024-02-07,2.8575,0.0,0.0,3.410833333,0.908888888,1.142111690653467,1.0
Frac 32,2024-02-07,11.55,0.721111112,0.348055556,12.703333334,0.0,0.8250459195578566,2.0
Frac 08,2024-02-07,12.409999999,1.203333334,1.7491666670000001,17.828888889,4.382777778,0.7033632192926774,3.0
Frac 90,2024-02-07,4.720833333,1.7536111110000001,0.731944444,7.277499998,0.0,0.30714912794425253,4.0
Frac 10,2024-02-07,8.665277777,5.4694444440000005,0.0,14.257222221000001,0.0,0.22415539881904456,5.0
Frac 18,2024-02-07,0.0,0.0,0.0,24.0,48.0,-0.0,6.0
Frac 38,2024-02-07,2.653611111,1.0,0.0,12.958888889,18.288888890000003,-0.3102459869962014,7.0
Frac 21,2024-02-07,0.0,0.0,0.0,0.0,0.0,,
Frac 39,2024-02-08,10.79,1.651944444,0.5711111099999999,15.980555555,5.401666666,0.8098151456064506,1.0
Frac 21,2024-02-08,12.950555555000001,0.558888889,1.486944445,15.058333334,0.0,0.7241652830448626,2.0
Frac 32,2024-02-08,12.966944444000001,0.80638889,1.273055556,15.187777779000001,0.0,0.7168593165126532,3.0
Frac 38,2024-02-08,12.95861111,1.686388889,2.2716666660000002,17.620833331,1.223333334,0.5488980366913672,4.0
Frac 90,2024-02-08,4.429166666,0.666666666,0.586666667,5.788888889,0.0,0.5486084452293933,5.0
Frac 10,2024-02-08,6.773055556,3.3991666670000003,0.021666666999999997,10.265277779,0.0,0.3265593288530142,6.0
Frac 40,2024-02-08,4.057222222,2.605555556,0.373611111,7.137222222,0.0,0.1510469369549637,7.0
Frac 40,2024-02-09,2.510277778,0.146944444,0.0,2.6691666670000003,0.0,0.8854199189652925,1.0
Frac 90,2024-02-09,13.213333333,0.798888888,0.063333333,14.70611111,0.0,0.8398624911518161,2.0
Frac 32,2024-02-09,10.423333335,0.963611112,0.0,12.297500003,0.0,0.7692394568564571,3.0
Frac 18,2024-02-09,6.738333332,0.154722222,0.818888889,8.00361111,0.236666666,0.742212367110888,4.0
Frac 10,2024-02-09,16.03,2.834444444,0.065555556,19.101944444,0.0,0.6873645789564732,5.0
Frac 08,2024-02-09,8.73388889,0.6933333340000001,1.434722222,11.056944445,0.0,0.5974375078810482,6.0
Frac 38,2024-02-09,14.000833334000001,2.846388889,0.791388889,17.802500001000002,0.0,0.5821123749708124,7.0
Frac 39,2024-02-09,4.324722222,9.921111111,0.0,21.303888888,0.0,-0.26269330066550994,8.0
Frac 40,2024-03-01,16.144166666,1.723611111,0.417777778,18.412777778000002,0.0,0.7604924116192198,1.0
Frac 90,2024-03-01,6.016666667,0.733333333,0.2,6.95,0.0,0.7314148682014388,2.0
Frac 39,2024-03-01,12.392222222000001,1.057777778,0.788055555,14.835833331,0.266666666,0.723884154221116,3.0
Frac 32,2024-03-01,14.469444445999999,0.63,2.228055555,17.625000001,0.0,0.6588022065441813,4.0
Frac 21,2024-03-01,15.690277779,2.66,1.629444444,21.032222224,1.771111112,0.5919094318446191,5.0
Frac 08,2024-03-01,13.014166666000001,1.6411111109999998,2.429444444,17.350555554,0.0,0.5154654030048127,6.0
Frac 18,2024-03-01,12.798611111,4.579722221,0.38083333399999997,19.890000001,2.947777778,0.4626344438664844,7.0
Frac 10,2024-03-01,16.233611111000002,7.671388889,0.0,23.966944444,0.0,0.3572513067740477,8.0
Frac 38,2024-03-01,0.0,0.5,0.0,0.0,0.0,-inf,9.0
Frac 90,2024-03-02,3.95,0.633333334,0.2,8.733333334000001,7.9,3.739999996207997,1.0
Frac 40,2024-03-02,8.919444444,1.055,0.0,14.285,8.5,1.3594545279170267,2.0
Frac 32,2024-03-02,11.031944443,0.489444445,0.007222222,12.009722221,0.805555556,0.9402999875850204,3.0
Frac 08,2024-03-02,8.319444444,1.520555555,0.0,9.933611111,0.0,0.6844327619662139,4.0
Frac 38,2024-03-02,8.056666667,2.25,0.17361111099999998,11.248055557,1.194444446,0.5603017158517979,5.0
Frac 10,2024-03-02,7.441666667,2.411388889,0.0,9.868611112,0.0,0.5097249978655355,6.0
Frac 21,2024-03-02,9.686666667,3.306666667,0.926388889,15.276388889,2.542777778,0.42828472327766226,7.0
Frac 39,2024-03-02,8.343333333,9.646388889,0.0,18.148055555,0.0,-0.07180138676845704,8.0
Frac 32,2024-03-03,20.261666668,0.821944445,0.0,21.236111114,0.0,0.9154087638100686,1.0
Frac 08,2024-03-03,17.184444446,3.094166666,0.817222223,22.03777778,0.893333334,0.6277325276101512,2.0
Frac 10,2024-03-03,19.097777778,4.209722222,0.0,24.000000001,0.0,0.6203356481408194,3.0
Frac 40,2024-03-03,17.785,2.520277779,1.650833332,22.085277779000002,0.0,0.616423711090693,4.0
Frac 38,2024-03-03,15.800555554999999,2.301666667,1.471944445,20.091111112,0.531111112,0.6148744602760736,5.0
Frac 90,2024-03-03,7.600000001,1.883333334,1.5499999999999998,11.033333335,0.0,0.3776435045048877,6.0
Frac 39,2024-03-03,10.624444445,7.6575,0.0,19.242500001,1.149444444,0.16398249790661384,7.0
Frac 18,2024-03-03,6.396388888,1.366388889,0.0,23.975833334,32.139444446,-0.6161488990584343,8.0
Frac 40,2024-03-04,13.841388888000001,1.7169444440000001,0.251111111,17.567777775,3.2822222219999997,0.8311425683761087,1.0
Frac 32,2024-03-04,12.182222222,1.627222223,0.231666667,14.162777778,0.0,0.7289059740834125,2.0
Frac 21,2024-03-04,11.51,3.452222221,0.806666667,16.097777777,0.0,0.4504417449693063,3.0
Frac 10,2024-03-04,0.023333334,0.0,0.0,0.094444445,0.0,0.24705882913494806,4.0
Frac 38,2024-03-04,2.053888889,0.551111111,0.924166666,4.174444445,1.061111112,0.18584939359591537,5.0
Frac 90,2024-03-04,5.46111111,5.420555555,0.0,10.994722221,0.0,0.0036886384380442707,6.0
Frac 39,2024-03-04,6.042777778,0.5,11.131388893,17.832222226,0.0,-0.31339958891111236,7.0
Frac 32,2024-03-05,7.313888888,0.764444446,0.102777777,10.435555555,4.195,1.0330276861063854,1.0
Frac 08,2024-03-05,19.260000001,2.525277778,0.152777778,22.236111112,0.0,0.7457214241051056,2.0
Frac 21,2024-03-05,2.98,0.583333333,0.0,3.5891666659999997,0.0,0.6677501743520317,3.0
Frac 40,2024-03-05,7.680833334,1.4888888900000001,0.0,9.348333334,0.0,0.6623581148395538,4.0
Frac 38,2024-03-05,10.05861111,1.1800000000000002,0.9824999999999999,12.454444445,0.0,0.6339994645983584,5.0
Frac 90,2024-03-05,14.998611110999999,1.797777777,1.401388889,18.908055554,0.061666666,0.6260851622621998,6.0
Frac 18,2024-03-05,0.0,0.0,0.0,24.0,48.0,-0.0,7.0
Frac 90,2024-03-06,8.032777778,0.596111112,0.099166667,8.880833335,0.0,0.8262175093504329,1.0
Frac 10,2024-03-06,13.546666666,2.244722221,0.0,15.924444442,0.0,0.7097229976319698,2.0
Frac 32,2024-03-06,6.504166669,1.061666666,0.091388889,7.800000003,0.0,0.6860398861463949,3.0
Frac 18,2024-03-06,3.733333333,0.903888889,0.445,13.033888889,7.838055556,0.45891472862607313,4.0
Frac 39,2024-03-06,8.776666668,1.0,3.084999999,14.897777778,3.98,0.42972725442846077,5.0
Frac 40,2024-03-06,9.595000001,9.315833332,0.0,18.935833333,0.0,0.014742771764551224,6.0
Frac 38,2024-03-06,2.910555555,0.0,0.0,6.483333333,7.04,-5.228542910042789,7.0
Frac 21,2024-03-06,0.0,0.0,0.0,0.0,0.0,,
Frac 38,2024-03-07,6.624444445,0.0,0.0,12.405555557,11.493333334,7.2618757556841596,1.0
Frac 40,2024-03-07,8.646111112,0.5,0.225277778,9.505277779,0.0,0.8333089803539975,2.0
Frac 32,2024-03-07,8.704999999,1.259444445,0.03,10.077222224,0.0,0.7358729805857659,3.0
Frac 10,2024-03-07,12.539999999,3.056388888,0.0,15.675833332,0.0,0.6049829001205664,4.0
Frac 39,2024-03-07,12.027222223,1.934722222,1.150555555,15.664166666,0.15,0.5763728493130525,5.0
Frac 90,2024-03-07,7.831111111,7.160833332,0.0,15.188611111,0.0,0.044130287759791734,6.0
Frac 18,2024-03-07,0.0,0.0,0.0,24.0,48.0,-0.0,7.0
Frac 08,2024-03-07,5.257222223,2.035555556,5.262222221,12.713611111,0.0,-0.1605016494671983,8.0
Frac 39,2024-03-08,13.910833334,1.343888888,0.0,16.601666668,2.04388889,0.8632460693960731,1.0
Frac 32,2024-03-08,12.385555559,1.134166668,0.589444445,14.588333338000002,0.6872222219999999,0.7669850529953851,2.0
Frac 38,2024-03-08,14.535277777000001,2.770277778,0.0,17.83388889,0.715,0.687252547440303,3.0
Frac 21,2024-03-08,14.843055556,1.906388889,1.647777778,18.493888888,0.0,0.6104118477928642,4.0
Frac 90,2024-03-08,6.558888888,1.333333332,0.428611111,8.45833333,0.0,0.5671264370707887,5.0
Frac 40,2024-03-08,13.590833333,3.487222221,0.246388889,17.420277777,0.0,0.5658475914783917,6.0
Frac 10,2024-03-08,0.0,4.7072222230000005,0.0,4.870277778,0.027222222,-0.9719529682388801,7.0
Frac 18,2024-03-09,9.263333333,0.771111111,0.601388889,13.903333332,6.243888888000001,1.0302096177721165,1.0
Frac 32,2024-03-09,6.294722222000001,0.494444445,0.048888888000000005,6.936388889,0.0,0.8291618277228922,2.0
Frac 40,2024-03-09,6.278888889,1.141388889,0.01,7.5366666680000005,0.0,0.6803405571551808,3.0
Frac 39,2024-03-09,2.7249999999999996,0.511666667,0.0,3.271666667,0.0,0.6765155372718781,4.0
Frac 38,2024-03-09,14.099722222,2.398611111,0.3275,17.350277777,0.455,0.6731828420414138,5.0
Frac 08,2024-03-09,11.029444444,3.492777777,0.569166667,15.368888887999999,0.0,0.4533509254166194,6.0
Frac 10,2024-03-09,7.920277778,4.897500001,0.750833333,13.725555558,0.0,0.16552659266865064,7.0
Frac 90,2024-03-09,0.0,0.333333333,0.0,22.683611112999998,0.0,-0.014694897181029804,8.0
Frac 90,2024-04-01,2.316666667,0.0,0.0,2.316666667,0.0,1.0,1.0
Frac 32,2024-04-01,15.052222221,0.501111111,0.028055556000000002,15.757222221,0.0,0.9216761273217814,2.0
Frac 08,2024-04-01,8.456111112,1.5,0.175277778,10.314722223,0.0,0.6573936929566504,3.0
Frac 39,2024-04-01,13.873055556,1.668055555,1.3452777770000002,17.152222221,0.0,0.6331379155468325,4.0
Frac 40,2024-04-01,7.181111111,1.717777778,0.043611111,9.022777779,0.0,0.6006711408336016,5.0
Frac 18,2024-04-01,7.9186111100000005,1.999166667,0.730277778,11.429166666,0.0,0.4540284358996152,6.0
Frac 21,2024-04-01,10.595833333,1.8925,2.796666667,15.415555554,0.0,0.38316275046392007,7.0
Frac 10,2024-04-01,15.173333333,8.730555557,0.0,23.953611112,0.0,0.26896895611586397,8.0
Frac 38,2024-04-01,3.29,0.0,0.0,23.788333334,4.828333334,0.17352320675105484,9.0
Frac 90,2024-04-02,9.916666667,0.75,0.283333333,14.183333333,6.466666666,1.1511879050042684,1.0
Frac 32,2024-04-02,14.239166667,0.7166666669999999,0.019444444,15.058888889,0.0,0.8966833911540125,2.0
Frac 21,2024-04-02,13.120833333,2.083888889,0.164166667,17.650833332,4.331666666,0.8163256793501257,3.0
Frac 40,2024-04-02,9.270833334,1.615,0.0,11.0925,0.248888888,0.7060224914860448,4.0
Frac 08,2024-04-02,9.394722222,1.603611111,0.0,11.121111113,0.0,0.7005694873323042,5.0
Frac 38,2024-04-02,5.441944445,1.891111111,0.114444444,8.478333333,1.796666666,0.5143011558735694,6.0
Frac 39,2024-04-02,7.980555556,10.273055555000001,0.0,18.339166666,0.0,-0.1250056799609218,7.0
Frac 10,2024-04-02,2.3402777770000003,3.886111111,0.47472222199999997,7.23111111,0.992777778,-0.3238934902108241,8.0
Frac 32,2024-04-03,0.01,0.0,0.0,0.01,0.0,1.0,1.5
Frac 40,2024-04-03,2.435833333,0.0,0.0,2.435833333,0.0,1.0,1.5
Frac 90,2024-04-03,13.266666668000001,2.150000001,0.466666667,16.833333336,1.9,0.7131696427297912,3.0
Frac 08,2024-04-03,12.519444445000001,2.795277779,0.378611111,16.936388889,1.791666666,0.617083325622644,4.0
Frac 38,2024-04-03,9.92861111,1.794166667,0.970277778,13.721111111999999,1.655000002,0.5937428057547532,5.0
Frac 10,2024-04-03,11.184444445,3.245,0.0,14.623055555,0.0,0.5429401820391292,6.0
Frac 39,2024-04-03,7.8772222229999995,5.880277778,0.0,14.000833333,0.0,0.14263039902726338,7.0
Frac 32,2024-04-04,14.767222223000001,1.202777778,0.529166668,16.674166669,0.0,0.7817648723180098,1.0
Frac 21,2024-04-04,11.178333334,1.3749999990000001,0.273055556,12.894166667,0.0,0.739115448491201,2.0
Frac 40,2024-04-04,13.369722222,2.584444444,0.181388889,16.357500001000002,0.0,0.64825852901432,3.0
Frac 39,2024-04-04,13.249722222,3.235833333,1.221388889,19.518611109,2.679444444,0.5221457911141829,4.0
Frac 90,2024-04-04,8.0475,3.689444443,3.238611111,15.059999998,0.0,0.07433230054107993,5.0
Frac 38,2024-04-04,2.298611111,1.905,0.24944444400000002,4.583611111,0.0,0.03145263930747113,6.0
Frac 32,2024-04-05,10.749722223000001,1.01138889,0.048888889,11.936388892,0.0,0.8117567659423407,1.0
Frac 08,2024-04-05,14.383611112,0.828611111,0.781111111,16.242777778,0.0,0.7864349968083396,2.0
Frac 38,2024-04-05,15.659166666,2.5,0.810000001,19.644722224000002,0.82,0.6560079090705417,3.0
Frac 90,2024-04-05,15.071666666,1.0552777770000001,2.978333333,19.688611108,0.573333334,0.5774467777294671,4.0
Frac 40,2024-04-05,10.577499999,2.7377777759999997,0.136944444,13.53972222,0.0,0.5689022015253723,5.0
Frac 18,2024-04-05,0.0,0.0,0.0,24.0,48.0,-0.0,6.0
Frac 90,2024-04-06,6.39361111,1.182222222,0.230833333,15.915277776,15.857222222,85.78947597330776,1.0
Frac 10,2024-04-06,17.849722222,1.168055555,0.0,19.190833333,0.0,0.869251812963989,2.0
Frac 32,2024-04-06,11.452777776,0.826944445,0.080555555,12.464444443,0.0,0.8460287038241965,3.0
Frac 18,2024-04-06,7.421944444999999,1.544444444,0.0,15.011111111,5.9075,0.6456229214249001,4.0
Frac 39,2024-04-06,7.711666666999999,0.627222222,2.6286111099999996,11.009722221,0.0,0.40471805242287767,5.0
Frac 40,2024-04-06,8.902222222,7.402222221,0.0,16.338333332,0.017777778,0.0919086360777937,6.0
Frac 38,2024-04-06,2.204444444,2.605555556,1.795555555,12.633333333,11.972222222000001,-3.3226890766928965,7.0
Frac 21,2024-04-06,0.0,0.0,0.0,0.0,0.0,,
Frac 10,2024-04-07,5.021666667,0.0,0.181388889,7.289722222,4.109999999999999,1.5222328996259091,1.0
Frac 39,2024-04-07,7.702222222,1.556388889,0.629166667,13.820833334,7.848333333999999,0.9236779683549602,2.0
Frac 32,2024-04-07,10.672222222,0.819722223,0.096111111,11.669444446,0.0,0.8360628419928123,3.0
Frac 40,2024-04-07,17.534166668,2.3372222220000003,0.128888889,20.099166666000002,0.0,0.7496855868402399,4.0
Frac 38,2024-04-07,4.923888889,1.0,0.236388889,8.755833334,3.092222222,0.651086369999339,5.0
Frac 08,2024-04-07,9.205833333000001,2.320277778,1.440555555,19.142499999,7.054444444,0.45044465383415433,6.0
Frac 90,2024-04-07,5.850833333000001,6.519444443,0.139166667,16.569999999,7.882777778,-0.09298458776009245,7.0
Frac 21,2024-04-07,0.0,0.0,0.0,0.0,0.0,,
Frac 32,2024-04-08,19.814722221,1.214444444,0.081666667,21.268333331,0.0,0.8707128490885507,1.0
Frac 21,2024-04-08,9.307777778,1.107777778,0.248055556,12.070555555,2.651666666,0.8442550430005397,2.0
Frac 38,2024-04-08,12.041944444,1.372222222,0.284722223,14.4,1.249444444,0.7897004772746501,3.0
Frac 40,2024-04-08,13.035,1.335277777,0.303055556,14.773888889,0.0,0.7714060091168998,4.0
Frac 90,2024-04-08,12.073333333,0.758333333,0.990277777,13.899444443,0.0,0.7428154603833615,5.0
Frac 39,2024-04-08,15.71361111,1.691388889,1.660277778,19.304444443,0.0,0.6403677909250879,6.0
Frac 10,2024-04-08,3.2141666669999998,0.7122222220000001,0.0,3.9583333339999998,0.0,0.6320701754724933,7.0
Frac 08,2024-04-08,0.0,0.0,0.0,0.0,0.0,,
Frac 18,2024-04-09,5.0930555559999995,0.37999999900000003,0.179166667,6.958888889,2.226666668,0.9580887537107062,1.0
Frac 90,2024-04-09,7.391666666,0.116111111,0.217222222,7.918333332,0.0,0.8913912861530442,2.0
Frac 38,2024-04-09,14.321944445,1.642222222,0.623333333,19.49611111,5.372222222,0.8536168038140969,3.0
Frac 32,2024-04-09,10.208055557,0.833055557,0.207777778,11.330833337,0.0,0.8090510158741028,4.0
Frac 40,2024-04-09,6.024166666999999,0.8400000000000001,0.837777778,7.778333333,0.015,0.5598611707840215,5.0
Frac 08,2024-04-09,2.304166666,1.317777778,0.0,23.971111108,0.0,0.041149068291240265,6.0
Frac 10,2024-04-09,5.12861111,3.777222221,0.9875,10.200555553000001,0.204444444,0.03640304564765911,7.0
Frac 39,2024-04-09,1.974444445,0.763055555,0.0,22.45305556,39.33111112,-0.07177301234100214,8.0
Frac 32,2024-05-01,15.764999999,0.77638889,0.036944444,16.858055555,0.0,0.8869152564018823,1.0
Frac 90,2024-05-01,9.300000000999999,5.366666668,0.0,24.066666669,18.8,0.7468354426438071,2.0
Frac 40,2024-05-01,17.774166667,2.039722222,0.181111111,20.860277777,0.0,0.7455956962926304,3.0
Frac 39,2024-05-01,8.9825,1.095833333,0.458888889,10.984444444,0.246111112,0.6917067619669977,4.0
Frac 08,2024-05-01,12.278333334,1.676388889,1.892777777,16.266944443,0.0,0.5353904476970002,5.0
Frac 21,2024-05-01,15.513888889,3.6125,1.115833333,21.164166665,1.010555554,0.5351673948949605,6.0
Frac 38,2024-05-01,13.169722222,2.251111111,5.079444443,20.778611108,0.068333332,0.28194535733203396,7.0
Frac 10,2024-05-01,11.236388889,6.936666668000001,0.306388889,18.557777779,0.0,0.21518381023609734,8.0
Frac 38,2024-05-02,12.104722222,1.396111111,0.399722222,14.039166668,0.0,0.7342949288078072,1.0
Frac 40,2024-05-02,15.472777777,2.5705555550000003,0.093055556,18.224999999,0.0,0.7028349337011157,2.0
Frac 90,2024-05-02,5.783333333,0.916666668,0.9,7.600000001,0.0,0.5219298242734304,3.0
Frac 08,2024-05-02,5.852777778,1.7574999999999998,0.349166667,10.253611112,3.02111111,0.5179552174163967,4.0
Frac 32,2024-05-02,3.053888889,0.8808333349999999,0.201111111,4.221944445,0.0,0.46707020158338447,5.0
Frac 21,2024-05-02,13.648333334,5.981111111,0.0,20.989166668,2.57,0.4162632523609456,6.0
Frac 10,2024-05-02,6.430555556,3.049166666,0.0,9.571388889,0.0,0.35328090094490777,7.0
Frac 39,2024-05-02,9.582222222,13.835277778,0.240277778,23.893611112,0.0,-0.18805584944601905,8.0
Frac 10,2024-05-03,10.433055556,1.488333333,0.0,12.000833334,0.0,0.7453417586975715,1.0
Frac 40,2024-05-03,15.970277779,2.324999999,0.446666667,18.835000001,0.0,0.7007491962994027,2.0
Frac 38,2024-05-03,7.705555556,0.8602777779999999,0.0,11.281666666,0.0,0.6067612154000155,3.0
Frac 08,2024-05-03,5.611944444,1.364444444,0.945,8.192777778,0.072222222,0.4066839980621641,4.0
Frac 90,2024-05-03,8.083333333,2.283333334,1.249999999,11.999999999,0.766666666,0.4050445103977759,5.0
Frac 39,2024-05-03,7.470555555,8.061666666,0.0,15.686388887,0.0,-0.037683058558485735,6.0
Frac 32,2024-05-03,0.0,0.0,0.0,0.0,0.0,,
Frac 39,2024-05-04,11.641944445,1.127777778,0.0,13.20777778,0.39999999999999997,0.8209204475282518,1.0
Frac 32,2024-05-04,7.484722223,1.041388889,0.081666667,8.795000001,0.0,0.7233276482406676,2.0
Frac 21,2024-05-04,13.092499999000001,2.017777778,0.064166667,15.348888888000001,0.0,0.7173519617181036,3.0
Frac 40,2024-05-04,14.057777778,1.209444444,1.540277778,16.921111111000002,0.0,0.668280911449657,4.0
Frac 10,2024-05-04,11.160000001,0.558333333,0.0,19.213888891,0.338333334,0.5616611726200754,5.0
Frac 38,2024-05-04,4.829444445,1.0,1.688888889,8.282222225,1.114444444,0.29863587033544503,6.0
Frac 90,2024-05-04,9.327222223,4.146388888,1.581666667,17.797777779,5.32,0.2884461265256197,7.0
Frac 38,2024-05-05,9.848333333,0.386388889,0.36805555599999995,19.498055554999997,17.126666666,3.8348365930966484,1.0
Frac 90,2024-05-05,22.429722224,0.9450000000000001,0.0,23.877777779,0.455,0.917257655206993,2.0
Frac 08,2024-05-05,13.231111111,0.5786111110000001,0.78,16.199722223000002,2.774444444,0.8843392438829923,3.0
Frac 32,2024-05-05,11.132222222,0.623333333,0.264999999,12.157499999,0.0,0.842598304819461,4.0
Frac 40,2024-05-05,9.573333334,1.345555556,1.868611111,14.352500002,2.997222222,0.5600185913725838,5.0
Frac 10,2024-05-05,7.9008333330000005,2.286666666,4.9344444450000005,19.018333333,0.0,0.035740367470611545,6.0
Frac 18,2024-05-05,0.0,0.0,0.0,24.0,48.0,-0.0,7.0
Frac 32,2024-05-06,18.195555557,0.80638889,0.07972222200000001,19.213055559,0.0,0.9009209592844647,1.0
Frac 39,2024-05-06,11.784166665999999,1.682500001,0.280555556,13.81027778,0.014444444,0.71188966043624,2.0
Frac 18,2024-05-06,8.111944444999999,1.5208333330000001,0.0,22.603611113,13.200277779,0.7009334751718586,3.0
Frac 10,2024-05-06,9.428611111,1.826944445,0.0,11.773611112,0.85388889,0.6961410291815755,4.0
Frac 90,2024-05-06,5.490833332,0.902777776,0.316388889,7.449444444,1.234444446,0.6873156344931025,5.0
Frac 40,2024-05-06,7.330277778,8.404999999,0.0,15.783333331,0.0,-0.06809222098155529,6.0
Frac 38,2024-05-06,4.6627777770000005,4.771944444,0.926666667,19.311944443,17.57,-0.5946420037461543,7.0
Frac 21,2024-05-06,0.0,0.0,0.0,0.0,0.0,,
Frac 32,2024-05-07,10.877222221,0.924166668,0.567777778,14.421111112,3.8550000000000004,0.888243335274137,1.0
Frac 39,2024-05-07,5.921944444999999,2.4280555550000003,0.0,10.770555555,3.812777778,0.5021558609631921,2.0
Frac 40,2024-05-07,7.364166667,0.718055556,1.262222221,13.729444441,0.0,0.39214178790237036,3.0
Frac 90,2024-05-07,8.902777778,8.565277776,0.0,17.65972222,0.0,0.019111285998472546,4.0
Frac 38,2024-05-07,2.947499999,1.0,2.356111111,16.428333332,15.574444444000001,-0.4785296046620997,5.0
Frac 21,2024-05-07,0.0,0.0,0.0,0.0,0.0,,
Frac 32,2024-05-08,15.341388890000001,0.908888889,0.25666666699999996,16.655833335,0.0,0.8511032170459696,1.0
Frac 21,2024-05-08,13.174444445999999,0.649166667,0.548333333,14.441666668,0.02,0.83048268426391,2.0
Frac 38,2024-05-08,15.899444443,2.141111111,0.0,18.36222222,0.252777778,0.7597324907489285,3.0
Frac 10,2024-05-08,10.018333333,1.386388889,0.0,11.505833333,0.0,0.7502233166582232,4.0
Frac 40,2024-05-08,15.197499999,3.675555554,0.498055555,19.439166662999998,0.0,0.5670967835767662,5.0
Frac 39,2024-05-08,10.108333332,0.191111111,3.065000002,13.531666668,0.0,0.5063842013788513,6.0
Frac 90,2024-05-08,6.883055555,1.999999998,1.3044444450000001,10.335277775,0.1,0.34963497724906645,7.0
Frac 08,2024-05-08,0.0,0.0,0.0,0.0,0.0,,
Frac 90,2024-05-09,10.386111111,0.3675,0.256944444,11.054166666,0.0,0.8830757633702571,1.0
Frac 18,2024-05-09,6.483055556,0.23194444399999997,0.403055556,7.733888889,1.025,0.8716876449673453,2.0
Frac 40,2024-05-09,8.723611111,0.665,0.038888889,9.47361111,0.0,0.8465327665323599,3.0
Frac 32,2024-05-09,5.075000001,1.02388889,0.088333333,6.3030555580000005,0.0,0.6287074168290235,4.0
Frac 38,2024-05-09,10.745000000000001,0.709166667,3.4469444449999997,15.180833334999999,0.0,0.4340268246545506,5.0
Frac 10,2024-05-09,9.190833334,3.661666667,0.021388889,13.176388891,0.334444446,0.42888970604015103,6.0
Frac 08,2024-05-09,1.495555556,0.626944444,0.0,2.1225,0.0,0.4092396287396937,7.0
Frac 39,2024-05-09,13.603888888,4.1505555560000005,2.2591666679999998,20.35138889,0.0,0.35349757713759655,8.0
Frac 21,2024-06-01,15.523611112,2.236944444,0.268611111,18.621388891,0.806111112,0.7307242535586623,1.0
Frac 39,2024-06-01,13.038611110000002,2.003333334,0.4075,16.59361111,1.686111112,0.7129148265923749,2.0
Frac 40,2024-06-01,13.124166668,1.8749999990000001,0.057222222,15.986666668,0.0,0.7000799278190093,3.0
Frac 90,2024-06-01,19.0275,1.633333333,1.866666666,22.527499999,0.0,0.6892686716985581,4.0
Frac 08,2024-06-01,11.770555556,2.4188888889999998,0.486666667,15.094722222,0.0,0.5872913638039388,5.0
Frac 38,2024-06-01,17.61,3.794444444,0.980833333,22.943333332999998,0.667222224,0.576165299239081,6.0
Frac 10,2024-06-01,11.991666667,8.125000002,0.0,20.213333337,0.0,0.19129287587229185,7.0
Frac 32,2024-06-01,0.0,0.0,0.0,0.0,0.0,,
Frac 21,2024-06-02,2.366388889,0.5,0.0,4.1475,2.525,1.1503167266563945,1.0
Frac 90,2024-06-02,9.6,0.916666668,0.666666667,11.683333335,1.0,0.7503900153275523,2.0
Frac 38,2024-06-02,18.783333333999998,2.911111111,0.251666667,22.742222224,1.198333334,0.7250573763983054,3.0
Frac 40,2024-06-02,14.039722221,2.2202777780000003,0.265833333,16.637499998,0.0,0.6944319225477905,4.0
Frac 32,2024-06-02,16.293888885999998,2.041666669,0.878611111,19.401944442999998,0.0,0.6892923101233313,5.0
Frac 39,2024-06-02,7.538888889,4.279166667,0.0,18.056388889,12.476666666,0.5842086920677161,6.0
Frac 08,2024-06-02,16.077222222,3.212777778,1.1152777779999998,20.77138889,0.0,0.565641841680429,7.0
Frac 10,2024-06-02,14.054444444,7.8666666670000005,0.206111111,22.217222222,0.0,0.2692355779777373,8.0
Frac 18,2024-06-02,3.253055556,0.0,0.159722222,23.000000001,0.0,0.1344927536463264,9.0
Frac 40,2024-06-03,12.873333333,1.161944444,0.0825,14.184166665,0.0,0.8198499893331591,1.0
Frac 90,2024-06-03,12.966666667,1.716666666,0.766666667,15.45,0.0,0.6785329018770228,2.0
Frac 10,2024-06-03,9.318611111000001,2.561111111,0.0,11.974166666,0.0,0.5643398984237923,3.0
Frac 08,2024-06-03,7.165,0.711111112,3.007777778,11.288888889999999,0.585555556,0.3219661578746829,4.0
Frac 39,2024-06-03,4.823611111,2.69,0.0,7.687222223,0.0,0.2775529377329931,5.0
Frac 38,2024-06-03,8.235555556,3.821111111,1.033055556,14.768055555,0.0,0.22896642529592645,6.0
Frac 32,2024-06-03,0.045,0.0,0.0,1.075555555,2.0438888879999997,-0.04647160070446528,7.0
Frac 39,2024-06-04,12.994999999000001,0.359722222,0.254166667,14.01888889,0.0,0.8831734959274652,1.0
Frac 32,2024-06-04,11.937222220999999,1.211388891,0.206111111,13.687777778,0.195,0.7796557826774874,2.0
Frac 21,2024-06-04,10.570833334,1.6975000009999999,0.4,12.805,0.0,0.6617206819992191,3.0
Frac 10,2024-06-04,10.521944444999999,2.434166666,0.0,13.159444444,0.095555556,0.6190941953302381,4.0
Frac 38,2024-06-04,3.468055555,0.663055556,0.0,9.102222222,0.0,0.30816650380391025,5.0
Frac 40,2024-06-04,1.579444444,0.583333333,0.393888889,2.596111111,0.0,0.23197089656460393,6.0
Frac 18,2024-06-04,0.0,0.0,0.0,24.0,48.0,-0.0,7.0
Frac 90,2024-06-04,2.046666667,0.666666666,0.0,15.954166669,26.26333334,-0.13386145020644416,8.0
Frac 18,2024-06-05,6.153055556,0.321944444,0.499444444,21.342222222,20.664722223000002,7.869618709770675,1.0
Frac 90,2024-06-05,21.526666667,1.442499999,0.48333333300000003,23.694166666,0.0,0.8272429923912986,2.0
Frac 32,2024-06-05,8.758333334,0.845833334,0.22999999999999998,9.937500002,0.0,0.7730817608507005,3.0
Frac 40,2024-06-05,14.123888889,1.602499999,0.252222222,16.064444443,0.0,0.7637467147733346,4.0
Frac 08,2024-06-05,16.991111111,0.75888889,2.0927777770000002,20.287777778,0.0,0.696943972805773,5.0
Frac 38,2024-06-05,14.867777779,2.498055555,0.40249999999999997,17.995555557,0.0,0.6650098790278764,6.0
Frac 10,2024-06-05,12.82861111,5.663055557,0.0,18.567777779,0.0,0.385913470006313,7.0
Frac 90,2024-06-06,17.432777777000002,1.239166666,0.0,18.847499998,0.057777778,0.861833449233397,1.0
Frac 38,2024-06-06,13.533333332,2.149166666,0.0,16.93222222,2.274444444,0.7766638872530822,2.0
Frac 18,2024-06-06,4.0488888890000005,0.823888889,0.0,11.874444445,6.8575,0.6428215491232134,3.0
Frac 32,2024-06-06,10.514166668,1.412222222,1.633611112,13.696944447,0.0,0.5452554299901365,4.0
Frac 10,2024-06-06,9.577222222,3.2933333339999997,0.0,13.488333334,1.074444444,0.506198254526185,5.0
Frac 39,2024-06-06,12.17638889,1.457222222,3.208055555,16.923611111,0.0,0.443824374345138,6.0
Frac 40,2024-06-06,8.373611112,4.954722222,0.0,14.090000001,0.0,0.24264647904594425,7.0
Frac 38,2024-06-07,3.715,1.0,0.0,12.266666666,9.413888888,0.9517039921361865,1.0
Frac 32,2024-06-07,15.709444443999999,1.105000001,0.251388889,19.004444444,3.67611111,0.9363741798440198,2.0
Frac 39,2024-06-07,12.837777777,1.098611111,1.0936111099999999,15.361111108,0.0,0.6930198916701957,3.0
Frac 40,2024-06-07,9.073055555,3.088611111,1.259722223,14.731944443,2.453888888,0.38481029832740477,4.0
Frac 90,2024-06-07,7.264166667,5.172777776,0.0,14.569722222,4.106111112,0.19987257448829246,5.0
Frac 18,2024-06-07,0.0,0.0,0.0,24.0,48.0,-0.0,6.0
Frac 10,2024-06-07,0.0,0.0,0.0,0.0,0.0,,
Frac 21,2024-06-07,0.0,0.0,0.0,0.0,0.0,,
Frac 38,2024-06-08,14.425,1.453611111,0.240277778,16.838888888,1.046666666,0.8061633715655551,1.0
Frac 90,2024-06-08,8.449722222,0.658055555,0.467777778,9.776388889,0.033333334,0.7517034925703039,2.0
Frac 39,2024-06-08,13.267222223000001,1.5,0.438611111,15.640277777,0.0,0.7243228843837689,3.0
Frac 40,2024-06-08,11.988055554999999,2.2580555540000002,0.154444444,14.512777775,0.0,0.659801707533553,4.0
Frac 32,2024-06-08,8.952222224,0.795277778,2.073333333,11.975555557,0.0,0.5080024124178509,5.0
Frac 21,2024-06-08,4.354166667,0.7575000000000001,0.882222222,6.09638889,0.0,0.4452544767038311,6.0
Frac 10,2024-06-08,6.4966666669999995,5.829166667,0.0,12.385555557,0.0,0.05389342423342049,7.0
Frac 90,2024-06-09,4.372777777,0.423333333,0.120277778,7.825555554999999,5.5994444439999995,1.7201147988879517,1.0
Frac 32,2024-06-09,8.489166666000001,0.35027777800000004,0.070555556,8.988611112000001,0.0,0.8976173550581792,2.0
Frac 08,2024-06-09,6.920555556,4.420277778,0.008611111,19.90138889,17.072777778,0.8808798977100247,3.0
Frac 18,2024-06-09,3.8772222220000003,0.083333333,0.208611111,4.535,0.397222224,0.8664742216934368,4.0
Frac 38,2024-06-09,14.1575,2.425555555,0.511111111,17.794166665,1.067777778,0.6708461347996638,5.0
Frac 10,2024-06-09,9.683333334,2.315,0.161666667,13.624444447,2.290555556,0.635851183676475,6.0
Frac 40,2024-06-09,8.383888888,2.093055555,0.428333333,10.978888886,0.0,0.5339793544568714,7.0
Frac 39,2024-06-09,13.038611112,4.066944445,1.8627777779999999,19.275277779,0.0,0.36880863510797146,8.0
Frac 40,2024-07-01,14.02888889,1.921111111,0.139722222,16.215000001,0.0,0.7380854490448298,1.0
Frac 08,2024-07-01,13.189166666,1.811666667,0.690833333,16.1375,0.0,0.6622256648179706,2.0
Frac 21,2024-07-01,15.206944443,1.08,2.645833333,20.574444443,3.02,0.6540287359864697,3.0
Frac 39,2024-07-01,8.328888888,1.01,0.618055555,10.345833332,0.0,0.6476842529711071,4.0
Frac 90,2024-07-01,16.433333333,1.416666668,2.683333334,20.533333335000002,0.0,0.6006493504869602,5.0
Frac 38,2024-07-01,13.191388888999999,3.349444444,1.371111111,19.883333333,3.444444446,0.5152923285891177,6.0
Frac 10,2024-07-01,11.406666667,7.471944445,0.0,18.969166668,0.0,0.2074272576579588,7.0
Frac 18,2024-07-01,0.0,0.0,0.0,0.0,0.0,,
Frac 32,2024-07-01,0.0,0.0,0.0,0.0,0.0,,
Frac 32,2024-07-02,19.521388888,1.519444446,0.478333333,21.750277779,0.0,0.8056729797685219,1.0
Frac 40,2024-07-02,18.950833333,2.389166668,0.1775,21.646666665,0.0,0.7568909762670842,2.0
Frac 90,2024-07-02,7.916666666999999,0.466666668,0.75,9.133333335,0.0,0.7335766420924129,3.0
Frac 39,2024-07-02,18.850555556,2.623333333,0.79,23.93388889,2.438888888,0.7181773538759547,4.0
Frac 38,2024-07-02,15.931388886,2.439166667,0.877777778,19.811388889,0.661111112,0.6587081706015925,5.0
Frac 18,2024-07-02,12.786111112,4.126666666,1.637222222,21.352499999,0.0,0.32887119654976565,6.0
Frac 08,2024-07-02,11.842222221,2.505277778,8.268055555,22.893611107999998,0.0,0.04668939657258723,7.0
Frac 10,2024-07-02,7.932222224,7.566944444000001,0.0,17.015277779,1.7699999979999999,0.023960060633020454,8.0
Frac 08,2024-07-03,8.247500001,0.329444444,0.0,10.531944447,3.279444444,1.0917691215063348,1.0
Frac 40,2024-07-03,7.520833334,0.299166667,0.0,8.541944444999999,1.242222222,0.9893070511979126,2.0
Frac 32,2024-07-03,12.824722222,0.557777778,0.28500000000000003,13.770277778,0.0,0.8701309179937444,3.0
Frac 10,2024-07-03,11.945000001,1.196388889,0.071388889,13.31527778,0.0,0.8018775424300612,4.0
Frac 90,2024-07-03,15.650000001,2.483333331,1.016666667,19.149999999,0.0,0.634464752148014,5.0
Frac 38,2024-07-03,8.001111112,2.023611111,0.071388889,10.967222223,1.346111112,0.6138699619888425,6.0
Frac 39,2024-07-03,2.846666667,3.081111111,0.0,6.070000001,0.0,-0.03862346687996314,7.0
Frac 32,2024-07-04,15.363055554999999,0.5825,0.0,16.136111110999998,0.0,0.9159924255184438,1.0
Frac 10,2024-07-04,18.359166668,2.539444445,0.0,22.183055558,2.415,0.800266985115684,2.0
Frac 39,2024-07-04,12.87138889,1.141388889,0.31694444499999996,14.550000003000001,0.0,0.7844024435496076,3.0
Frac 21,2024-07-04,9.356944445,1.9327777780000002,0.268888889,11.708055556,0.0,0.6111414268386479,4.0
Frac 40,2024-07-04,7.370555556,1.5547222219999999,0.584444445,9.569444445,0.0,0.5466763425052729,5.0
Frac 38,2024-07-04,4.598055556,1.456388889,2.495833334,9.44638889,1.597222222,0.08228049681158843,6.0
Frac 18,2024-07-04,0.0,0.0,0.0,24.0,48.0,-0.0,7.0
Frac 90,2024-07-04,4.2583333329999995,2.7566666669999997,0.0,21.963333335,29.76277778,-0.19253508074702363,8.0
Frac 32,2024-07-05,11.64,0.564166665,0.0,12.366666668,0.0,0.8956199461298523,1.0
Frac 18,2024-07-05,7.6175,1.0075,0.0,8.821111112,0.242777778,0.770545949036678,2.0
Frac 90,2024-07-05,17.827777777,2.295833331,1.758055556,23.991388886,3.632777778,0.6765632889655963,3.0
Frac 38,2024-07-05,7.618333333000001,1.634444445,0.0,10.056111111,0.965555556,0.6582533764626447,4.0
Frac 40,2024-07-05,16.485555554,2.407499999,1.282777778,20.538611109,0.572222222,0.6408408575739467,5.0
Frac 08,2024-07-05,15.288888888,2.689999999,1.2288888889999998,19.35611111,0.0,0.5874113831742723,6.0
Frac 10,2024-07-05,5.9858333329999995,3.77777778,0.003333333,10.500833335,0.0,0.209956881484016,7.0
Frac 38,2024-07-06,10.362500001,1.4694444450000002,0.0,21.032500002,18.15611111,3.0917431160765334,1.0
Frac 32,2024-07-06,10.977222222,0.7905555559999999,0.28916666599999996,12.18611111,0.0,0.8121951220252742,2.0
Frac 90,2024-07-06,11.893055556,1.031388889,0.927222222,14.226944446000001,0.325555556,0.7146368268386742,3.0
Frac 10,2024-07-06,12.286388889,2.520277778,0.0,15.501944445,0.988333334,0.672893261112541,4.0
Frac 18,2024-07-06,2.016666667,1.145555556,0.0,18.650555557,15.429166667,0.2704147623107994,5.0
Frac 40,2024-07-06,6.583888889000001,5.119166666,0.312777778,12.063055556,0.0,0.09549358698153712,6.0
Frac 39,2024-07-06,10.032777778,0.563333333,11.240555557,21.850833334,0.0,-0.08105462546566325,7.0
Frac 21,2024-07-06,0.0,0.0,0.0,0.0,0.0,,
Frac 08,2024-07-07,7.256666667,1.086666667,0.618333333,15.921666666,13.738333332,2.5427480909793134,1.0
Frac 32,2024-07-07,21.056944444,1.29388889,0.346944445,22.829166669,0.0,0.8504958323934517,2.0
Frac 18,2024-07-07,0.0,0.0,0.0,24.0,48.0,-0.0,3.5
Frac 40,2024-07-07,0.0,0.0,0.0,22.746666668000003,45.46277778,-0.0,3.5
Frac 90,2024-07-07,4.302499999,5.412499998,0.3375,10.610833332,0.9,-0.14906032773006922,5.0
Frac 39,2024-07-07,2.414166667,0.610555556,0.0,11.515833333,16.603333332000002,-0.3545181545659985,6.0
Frac 38,2024-07-07,5.283611111,0.0,0.358888889,20.471111109,29.657222217999998,-0.5361052314265013,7.0
Frac 39,2024-07-08,8.683055555,0.645555556,0.0,12.238333334,5.420555558,1.1789031944240946,1.0
Frac 38,2024-07-08,11.400277778,2.151388889,0.035555556,15.654166669,1.722777778,0.6613363107645374,2.0
Frac 32,2024-07-08,8.950000000000001,1.18027778,1.0416666669999999,11.305000003,0.0,0.5951398099261018,3.0
Frac 40,2024-07-08,13.974722223,3.395277777,0.220555556,17.677222222,0.0,0.586002074302599,4.0
Frac 90,2024-07-08,12.691388888999999,1.345555555,1.982777778,16.149444444,0.0,0.5797757061221169,5.0
Frac 21,2024-07-08,11.165555556000001,2.0,1.775277778,15.014166667,0.0,0.49222031045141335,6.0
Frac 10,2024-07-08,6.505555556,5.607222222,0.0,12.241388889,0.04,0.07362549806193626,7.0
Frac 18,2024-07-09,5.691111111,0.0,0.21111111100000002,6.362222223,0.477222222,0.9311809684059165,1.0
Frac 32,2024-07-09,12.051111111,0.897777778,0.0,13.072222222,0.027222222,0.8549891401303182,2.0
Frac 10,2024-07-09,13.337222223000001,2.335,0.0,15.854166669000001,0.0,0.6939640822947122,3.0
Frac 40,2024-07-09,9.717222222,1.970833333,0.057777778,11.803055555,0.0,0.6514085335930625,4.0
Frac 90,2024-07-09,4.559444444,0.63,0.2925,5.639166665,0.0,0.6449435989492962,5.0
Frac 38,2024-07-09,10.789722223,1.761388889,2.200833334,15.905000002000001,2.068888888,0.49345512938903957,6.0
Frac 39,2024-07-09,12.879999999999999,4.336111111,2.723611111,20.247222223,0.088888888,0.2887281245565333,7.0
Frac 08,2024-07-09,2.1975,0.709722222,0.0,19.868333338,33.842777786,-0.10646418063602724,8.0
Frac 90,2024-08-01,15.983333334,1.633333334,0.666666667,22.000000002,7.433333334,0.939359267625688,1.0
Frac 39,2024-08-01,10.066666666,1.5625,0.0,12.005555554999999,0.010555556,0.7089759622100021,2.0
Frac 40,2024-08-01,11.522222222,1.356666666,0.677777778,13.694166666000001,0.0,0.6928335260849672,3.0
Frac 38,2024-08-01,11.084166667,2.0,1.129444444,14.324444446,0.0,0.5553250077507405,4.0
Frac 10,2024-08-01,15.201666668,6.184722224000001,0.0,21.459722226,0.0,0.4201799235348593,5.0
Frac 08,2024-08-01,7.297777778,2.0,1.68,11.163888889,0.0,0.32406071163648614,6.0
Frac 18,2024-08-01,7.891944444,2.593611111,1.398055555,12.150833332,0.0,0.320988501070817,7.0
Frac 21,2024-08-01,4.4394444449999995,1.704722222,2.198333333,9.495833334,2.166666666,0.07318552221522485,8.0
Frac 32,2024-08-01,0.0,0.0,0.394166667,0.394166667,0.0,-1.0,9.0
Frac 39,2024-08-02,11.928333333,1.478055555,0.364722222,17.621388887,6.84,0.9354597688393357,1.0
Frac 32,2024-08-02,21.241111112,0.829444444,0.0,22.252222224,0.0,0.9172866629915783,2.0
Frac 38,2024-08-02,16.402222223,1.515277778,0.633055556,21.645000002,4.332222222,0.8233161119567031,3.0
Frac 08,2024-08-02,12.368611112,3.08611111,0.606388889,19.938055554,7.035555556,0.6724364359112476,4.0
Frac 40,2024-08-02,16.200277778,3.02,0.347777778,19.730555556,0.0,0.6503871603401293,5.0
Frac 90,2024-08-02,5.966666667,1.366666667,0.0,7.366666667,0.066666666,0.6301369862150497,6.0
Frac 18,2024-08-02,13.863611112000001,2.156388889,1.980833333,19.38138889,1.945,0.5578212869281789,7.0
Frac 10,2024-08-02,7.645833334000001,4.381111111999999,0.0,12.13277778,0.0,0.26908283339547007,8.0
Frac 40,2024-08-03,17.123055556,1.525277777,0.0,18.741944443,0.0,0.8322390361596484,1.0
Frac 38,2024-08-03,14.416111111,2.390277779,0.142222222,17.676111112,1.006666668,0.7128978503106256,2.0
Frac 90,2024-08-03,12.333333332999999,1.866666666,0.9,15.099999999,0.0,0.6335540839492418,3.0
Frac 08,2024-08-03,11.811111110999999,2.889166666,0.0,14.915833334,0.055555556,0.6003888068773892,4.0
Frac 10,2024-08-03,9.915555556,3.509166666,0.0,13.540555556,0.085555556,0.47613443998513555,5.0
Frac 32,2024-08-03,10.87361111,0.729166667,3.9844444439999998,15.721666665,0.0,0.3918159652063836,6.0
Frac 39,2024-08-03,0.171388889,0.0,0.147222222,0.322222222,0.0,0.07500000108620682,7.0
Frac 38,2024-08-04,5.3774999999999995,1.085833333,0.5375,13.508888888,12.929444444,6.47890700458593,1.0
Frac 32,2024-08-04,15.342777779,0.349444445,0.004444444,15.885555556,0.0,0.9435545919159669,2.0
Frac 21,2024-08-04,15.905277778,0.8049999999999999,0.311111111,17.19861111,0.0,0.8599047081424471,3.0
Frac 10,2024-08-04,15.231666666,1.027222222,0.0,17.048055552,0.0,0.8332002673661865,4.0
Frac 40,2024-08-04,16.394166666,2.864444443,0.755277778,20.111944442,0.0,0.635167051193866,5.0
Frac 39,2024-08-04,5.535833333999999,1.5,0.180833333,7.465277778,0.027222222,0.5182806140632166,6.0
Frac 90,2024-08-04,0.218055556,0.339444444,0.0,4.886388888,8.515555553999999,0.03344814365712022,7.0
Frac 18,2024-08-04,6.601111111,1.230833333,0.0,21.259999999,26.622222221999998,-1.0015022792165256,8.0
Frac 90,2024-08-05,14.039999999,2.336111108,0.096111111,19.054722221,3.74777778,0.7583340897813874,1.0
Frac 40,2024-08-05,13.555,1.828055555,0.0,15.493888888,0.0,0.7568754706949334,2.0
Frac 18,2024-08-05,4.612777778,0.7702777780000001,0.0,12.065555556,6.574166667,0.6997319034710966,3.0
Frac 38,2024-08-05,10.995555555,1.892222222,1.1413888879999998,14.544444443,0.597777778,0.570885118017553,4.0
Frac 08,2024-08-05,10.1425,7.810833334,0.0,18.068888889,0.0,0.12904316808431288,5.0
Frac 10,2024-08-05,8.263888888,3.6577777780000003,10.945000003,22.935555558,0.0,-0.27637825807053423,6.0
Frac 90,2024-08-06,13.485,0.635277777,0.137222222,14.428055556,0.0,0.8810958588049949,1.0
Frac 32,2024-08-06,13.649722222,0.7852777790000001,0.209166667,15.06527778,0.487777778,0.8681377310419293,2.0
Frac 40,2024-08-06,10.90111111,1.670555555,0.635277778,16.445555554,6.250555556,0.8430875702487667,3.0
Frac 10,2024-08-06,12.003055557,1.748888888,0.0,13.986388889,0.0,0.7331532642471199,4.0
Frac 38,2024-08-06,13.656666667,3.3141666659999998,0.404444444,19.199722222,3.341111112,0.6266661997111046,5.0
Frac 18,2024-08-06,3.925833333,1.1775,0.0,18.564166666,13.419166666,0.5341755749271139,6.0
Frac 39,2024-08-06,7.709444445,2.501388889,6.4688888890000005,17.848333334,0.0,-0.07064151646014977,7.0
Frac 32,2024-08-07,11.975555557,0.7544444450000001,0.099722222,14.761111114,3.676666666,1.003332998976477,1.0
Frac 40,2024-08-07,3.3455555560000003,0.5,0.0,4.198333334,0.663888888,0.8050927379040774,2.0
Frac 18,2024-08-07,2.437777778,0.700555556,0.0,11.397777778,8.123333333,0.5305395315693011,3.0
Frac 90,2024-08-07,13.021388888999999,5.399166666,0.0,18.554166666,0.0,0.41080919236149316,4.0
Frac 39,2024-08-07,0.0,0.0,0.0,24.0,48.0,-0.0,5.0
Frac 08,2024-08-07,2.8200000000000003,1.926111111,1.133333333,6.00611111,0.0,-0.03986680226433567,6.0
Frac 38,2024-08-07,5.185833333,0.5,0.0,20.674722221,29.449999998,-0.5339811971857538,7.0
Frac 21,2024-08-07,0.0,0.0,0.0,0.0,0.0,,
Frac 32,2024-08-08,19.439999998,1.2483333349999999,0.146666666,21.028333332,0.113333334,0.8627779105295508,1.0
Frac 21,2024-08-08,12.237777777,1.663333333,1.3841666670000001,15.343333332,0.0,0.5989753059612404,2.0
Frac 90,2024-08-08,6.458888889000001,1.4955555550000001,0.321944444,8.370833332,0.0,0.5544715449365013,3.0
Frac 38,2024-08-08,9.6425,2.436666667,0.583888889,12.876944445,0.0,0.5142481178111505,4.0
Frac 39,2024-08-08,4.165555555,1.535555556,0.247222222,6.205555555,0.027222222,0.38566675648155735,5.0
Frac 40,2024-08-08,10.602222221,3.155833333,1.9536111099999998,16.286944443,1.034444446,0.36012311287201243,6.0
Frac 10,2024-08-08,3.119722222,12.688611111,0.0,15.848055556,0.0,-0.6037894589142365,7.0
Frac 08,2024-08-08,0.0,0.0,0.0,0.0,0.0,,
Frac 18,2024-08-09,5.971944445,0.12083333399999999,0.0,6.485555558,0.401111112,0.9616508397651002,1.0
Frac 32,2024-08-09,15.526388889,0.713888889,0.0,16.353611112,0.0,0.9057632530549073,2.0
Frac 38,2024-08-09,13.674166666,1.78,1.072222222,17.589166666,1.665,0.6795925131269911,3.0
Frac 90,2024-08-09,6.515833334,1.1877777760000001,1.026944445,9.038333332,0.528888888,0.5054514594113966,4.0
Frac 40,2024-08-09,6.470555555,2.3625,0.0,9.353888889,0.382777778,0.4579204854527857,5.0
Frac 10,2024-08-09,4.536666666,3.817777778,0.215,8.707777777,0.0,0.05786653046325213,6.0
Frac 39,2024-08-09,9.791388888,5.47,3.5105555550000003,18.995277777,0.0,0.04268604768611382,7.0
Frac 08,2024-08-09,9.005555556,9.57138889,0.0,18.674722224,0.0,-0.03029942438837534,8.0
Frac 18,2024-09-01,6.878611113,3.014722222,0.486944444,17.633611113,13.875555556,0.8985882182369235,1.0
Frac 32,2024-09-01,7.0486111099999995,0.653611111,0.045277778000000005,8.011388888,0.0,0.7925869421357191,2.0
Frac 40,2024-09-01,12.644444445000001,1.519722222,0.0,14.258888888,0.0,0.7801955895990148,3.0
Frac 39,2024-09-01,15.030555555,1.820833333,0.299722222,17.490277776,0.0,0.7381243548753117,4.0
Frac 90,2024-09-01,17.35,1.466666668,4.666666667,23.483333335,0.0,0.4776437188447379,5.0
Frac 21,2024-09-01,8.923611112,3.5,1.516388889,14.095833334,0.0,0.2771898709653117,6.0
Frac 38,2024-09-01,5.069444444,1.6075,2.598333333,10.238611110999999,1.537777778,0.09925613765345304,7.0
Frac 10,2024-09-01,7.0313888890000005,8.35,0.0,16.165277778,0.0,-0.08157058165709667,8.0
Frac 08,2024-09-01,4.5194444439999995,0.605,0.0,17.469444444,24.245,-0.5777304033074626,9.0
Frac 32,2024-09-02,14.159166668,0.853055556,0.0,15.208055557,0.0,0.874938355013796,1.0
Frac 40,2024-09-02,14.345833334,1.907222223,0.099722222,16.445833334,0.0,0.7502744700379924,2.0
Frac 39,2024-09-02,7.206944444,1.261111111,0.071666667,8.576388889,0.047777778,0.6887600559513893,3.0
Frac 08,2024-09-02,14.274444444,1.994999999,1.305833334,17.904166663,0.0,0.6129082306677587,4.0
Frac 90,2024-09-02,5.916666666999999,1.433333333,0.21666666699999998,7.616666667,0.1,0.5676274944759365,5.0
Frac 18,2024-09-02,8.845833333,1.350555556,1.7719444439999998,12.224444444,0.080555556,0.4712932888125747,6.0
Frac 38,2024-09-02,10.274166667,2.994444444,0.901944444,14.798333332,0.903888888,0.45901639354527035,7.0
Frac 08,2024-09-03,10.77388889,1.102222221,0.0,16.847499999,9.467222222,1.310474613725369,1.0
Frac 39,2024-09-03,5.916388888,2.0,0.162222222,13.772499999,10.48,1.1402176665573933,2.0
Frac 32,2024-09-03,12.856666668999999,0.920555555,0.1775,14.03416667,0.0,0.8378560259752138,3.0
Frac 10,2024-09-03,3.541666667,0.582777778,0.0,4.164444445,0.0,0.7105122731442752,4.0
Frac 40,2024-09-03,9.117777778,1.571944444,0.058888889,10.842777778,0.0,0.6905005892669878,5.0
Frac 90,2024-09-03,14.55,1.85,1.433333334,17.833333334,0.0,0.6317757008735786,6.0
Frac 38,2024-09-03,4.555555555,1.866944444,0.278888889,7.2930555550000005,0.570555556,0.3584562621581935,7.0
Frac 32,2024-09-04,15.591944445,0.606666667,0.0,17.321111113,1.843333334,0.9681801865854271,1.0
Frac 21,2024-09-04,10.605000001,1.7113888879999999,0.0,14.784166667,4.611666666,0.8742797849226562,2.0
Frac 40,2024-09-04,9.010000001,0.963888889,0.158055556,10.210555557,0.0,0.7725393111045976,3.0
Frac 90,2024-09-04,10.600277778,2.7330555550000004,0.0,13.740277777000001,0.443888888,0.5916811164803168,4.0
Frac 10,2024-09-04,11.334166667,2.8947222229999996,0.0,14.303333334,0.0,0.5900334031885326,5.0
Frac 18,2024-09-04,3.9894444449999997,0.7438888889999999,0.018333333,12.039166666,14.405555556,-1.363775090661451,6.0
Frac 38,2024-09-04,6.089166667,1.0,0.106388889,16.382499999999997,18.197777778,-2.7449120120281636,7.0
Frac 39,2024-09-04,8.348888889,0.0,0.459722222,17.873333333999998,18.117222224,-32.34738026402093,8.0
Frac 38,2024-09-05,8.04361111,2.331944444,0.0,14.627499999,8.22888889,0.8926416324889986,1.0
Frac 90,2024-09-05,17.356666666,1.356388889,0.274722223,19.331666668,0.090555556,0.8172893687097169,2.0
Frac 18,2024-09-05,4.194166666,0.7125,0.074444444,18.21111111,13.134722222,0.6711901505525476,3.0
Frac 40,2024-09-05,8.001666666,1.768611111,1.508055555,11.343055553,0.0,0.4165544264437933,4.0
Frac 08,2024-09-05,13.643055555,6.060833335,0.0,19.81638889,0.0,0.38262381012446917,5.0
Frac 10,2024-09-05,5.268888889,3.726944445,0.0425,9.107222222,0.0,0.16464344532824118,6.0
Frac 32,2024-09-06,8.28611111,0.7144444440000001,0.050555556,9.161111111,0.0,0.820982413472662,1.0
Frac 39,2024-09-06,6.100555555,0.606111111,0.205555555,6.966388887,0.0,0.7592009252985592,2.0
Frac 90,2024-09-06,8.014166666,0.808888888,0.614722222,9.597222221,0.036111112,0.6893085417442981,3.0
Frac 40,2024-09-06,13.308333333,2.367499999,0.31916666699999996,16.044999998999998,0.03,0.6632323863667334,4.0
Frac 38,2024-09-06,0.190555556,2.1236111109999998,0.0,21.773611108999997,38.87444444,0.11303867581095015,5.0
Frac 10,2024-09-06,1.7275,0.916666667,0.0,23.999722218,42.65888888,-0.04345495957497869,6.0
Frac 18,2024-09-06,1.024444444,1.086111112,0.211111111,15.887222222,13.445555554999999,-0.11171786169123299,7.0
Frac 40,2024-09-07,9.004166667,1.113333333,0.926944444,16.762222222000002,11.303888890000001,1.2758269725253928,1.0
Frac 32,2024-09-07,19.162499999999998,0.960833334,0.126388889,20.367500001,0.0,0.8874568688406795,2.0
Frac 18,2024-09-07,6.728611111,1.2891666659999999,0.0,8.164722222,0.0,0.6662130440081983,3.0
Frac 08,2024-09-07,6.400277778,1.585277778,0.756944445,9.540833334,1.278333334,0.4911413682299547,4.0
Frac 10,2024-09-07,0.7675000000000001,0.0,0.285,1.180555556,0.0,0.4087058821990755,5.0
Frac 38,2024-09-07,7.854444443999999,2.0,4.273888888,16.804722222,0.333333334,0.09595763701210959,6.0
Frac 39,2024-09-07,0.0,0.0,0.0,24.0,48.0,-0.0,7.0
Frac 90,2024-09-07,6.430833334,6.502222222,0.0,13.032777778,0.0,-0.005477641774918356,8.0
Frac 32,2024-09-08,17.349166664,1.081388888,0.068333333,18.636111106,0.0,0.8692502610045341,1.0
Frac 21,2024-09-08,11.279722222,1.265833333,0.55,14.120555555000001,1.948333332,0.7774988589279553,2.0
Frac 38,2024-09-08,14.579999999,1.565555555,1.514722223,17.811944445,0.0,0.6456185767089618,3.0
Frac 10,2024-09-08,10.4225,2.312222222,0.0,12.782777778,0.0,0.6344691207851803,4.0
Frac 90,2024-09-08,4.606388889,0.694166666,0.3175,5.78111111,0.0,0.6218047282955611,5.0
Frac 39,2024-09-08,10.3025,1.683055555,0.9086111109999999,13.310555555,0.0,0.5793021412320758,6.0
Frac 40,2024-09-08,9.536666668,3.092222222,0.730555555,13.442777778,0.0,0.42505269263255685,7.0
Frac 18,2024-09-09,7.717777777,0.421944443,0.0,8.527499999,0.414444444,0.8992707229156895,1.0
Frac 90,2024-09-09,10.554444445,0.5636111100000001,0.094444444,11.303333333,0.0,0.8755283595952676,2.0
Frac 32,2024-09-09,9.579166665,0.612777778,0.412222222,11.013888886,0.688888888,0.8284907183202888,3.0
Frac 10,2024-09-09,8.621666667,2.5052777770000003,0.0,11.280277777,0.0,0.5422197051273908,4.0
Frac 39,2024-09-09,2.943333333,0.531388889,0.390833333,3.9188888879999997,0.0,0.5157357528530163,5.0
Frac 38,2024-09-09,14.070833334,2.8725,0.793611111,20.368055554,0.0,0.5108353222729037,6.0
Frac 40,2024-09-09,3.259166667,1.972777778,0.292777778,5.713055557000001,0.255555556,0.18206341929783537,7.0
Frac 08,2024-09-09,7.098611111,6.619444444,0.0,13.764722221,0.0,0.034811212264709915,8.0
Frac 32,2024-10-01,17.490555555,1.658611112,0.22722222200000003,19.67083333,0.0,0.7932923816298738,1.0
Frac 40,2024-10-01,20.938055555,2.313055555,0.242777778,23.688055555,0.0,0.7760122893717184,2.0
Frac 90,2024-10-01,21.499999999,2.066666665,2.333333333,26.399999997,1.0,0.6732283465755783,3.0
Frac 39,2024-10-01,18.117777778,2.406111111,1.060000001,22.161111113,0.0,0.6611431435585889,4.0
Frac 38,2024-10-01,14.895833334,2.983055556,0.619722223,21.36166667,3.921666668,0.6475375890885852,5.0
Frac 21,2024-10-01,18.841111112,2.705833333,1.395,23.155555556,0.0,0.6365762956259774,6.0
Frac 08,2024-10-01,16.979166668,3.506944444,0.671666666,21.76138889,0.476111112,0.6013807144781722,7.0
Frac 18,2024-10-01,15.250833333,3.445833333,0.9088888879999999,21.691944444,3.156111112,0.587840369344987,8.0
Frac 10,2024-10-01,14.900833335,8.335555556000001,0.0,23.336666669,0.0,0.28132885780646616,9.0
Frac 18,2024-10-02,8.398055556,0.841388889,0.0,16.857777778,14.754999999999999,3.593659180756284,1.0
Frac 90,2024-10-02,3.733333333,0.283333336,0.0,4.716666669,1.4,1.0402010033888032,2.0
Frac 10,2024-10-02,5.316111111,0.0,0.0,5.3325,0.0,0.9969266030942335,3.0
Frac 39,2024-10-02,10.832777778,0.737777778,0.435833333,12.270555556,0.0,0.7871825055449022,4.0
Frac 38,2024-10-02,13.116111112,1.791388889,0.0,15.429722222999999,0.84388889,0.7764192805753625,5.0
Frac 40,2024-10-02,10.248055555,1.342499999,0.003333333,11.686666664999999,0.0,0.7617417761782291,6.0
Frac 32,2024-10-02,7.142499999,1.1338888900000001,3.571944444,12.430277779,0.970555556,0.21262877211015974,7.0
Frac 08,2024-10-02,4.4797222219999995,2.1605555549999997,1.353055555,8.323055555,0.0,0.1160764944575694,8.0
Frac 39,2024-10-03,15.343333333,1.0,0.0,19.87138889,6.489444446,1.0718422418373628,1.0
Frac 10,2024-10-03,7.061666665,0.024722222,0.0,7.106388887,0.0,0.9902278857652953,2.0
Frac 08,2024-10-03,9.954166666,0.9858333340000001,0.0,12.897500002000001,3.572222222,0.9617229152395287,3.0
Frac 38,2024-10-03,10.677222222,0.465,0.251944444,11.556388888,0.160555556,0.8740280318097583,4.0
Frac 90,2024-10-03,10.650000002,2.6999999999999997,0.433333333,14.450000003,1.333333336,0.5730622619168219,5.0
Frac 32,2024-10-03,2.4983333340000002,1.520833334,0.053611111,4.199722222999999,0.0,0.21998809443640682,6.0
Frac 40,2024-10-03,6.689722222,1.553333332,3.684166667,12.002222221,0.0,0.1209961119082666,7.0
Frac 21,2024-10-04,4.027777778,1.166666666,0.0,10.243333331999999,9.853333334,7.336182376083012,1.0
Frac 18,2024-10-04,7.037222221,2.077777778,0.0,15.110555554,11.68,1.4456680164288052,2.0
Frac 39,2024-10-04,7.236944444000001,1.0,0.0,11.333888888,6.013333334,1.1722355646321667,3.0
Frac 40,2024-10-04,13.136388890000001,1.166666666,0.286111111,18.260555557,6.842222222,1.0232326181253493,4.0
Frac 32,2024-10-04,17.413333333,0.846944445,0.014166667,18.439444444,0.0,0.8976529781723397,5.0
Frac 10,2024-10-04,16.823888889,2.1025,0.0,19.0975,0.0,0.7708542421259327,6.0
Frac 90,2024-10-04,9.251111112,1.156388888,1.003055556,11.580555556,0.0,0.6123770689330822,7.0
Frac 38,2024-10-04,2.303611111,0.0,0.733611111,3.130000001,0.015,0.5040128409296909,8.0
Frac 08,2024-10-05,1.607777778,0.0,0.0,1.615,0.0,0.9955280359133127,1.0
Frac 90,2024-10-05,19.205833333,1.628611109,0.521666666,22.951388885,2.562222222,0.8365008653811501,2.0
Frac 40,2024-10-05,14.517222222000001,1.068611111,0.227222222,15.883055555,0.0,0.8324209937575832,3.0
Frac 18,2024-10-05,4.430833333,0.757222222,0.0,18.77638889,13.593888888999999,0.7088492253335552,4.0
Frac 38,2024-10-05,10.165277778,1.873055556,0.351944445,13.509722225,1.88888889,0.6832795504505873,5.0
Frac 10,2024-10-05,6.824166668,2.311388889,0.15583333300000002,9.38388889,0.0,0.4643005151779882,6.0
Frac 39,2024-10-06,6.461944444,1.262777778,0.506666667,15.985,15.412222222,8.192531517869062,1.0
Frac 90,2024-10-06,15.037222223,1.364999998,0.398333333,18.26722222,2.561111112,0.8451416649687946,2.0
Frac 32,2024-10-06,11.46861111,1.214444445,0.179444445,13.761666667,1.507777778,0.8221652988092473,3.0
Frac 40,2024-10-06,15.400833333,2.5097222219999997,0.48972222200000004,19.641666666,2.3172222220000003,0.7158318368641826,4.0
Frac 38,2024-10-06,8.626944444,1.779444445,0.333333333,10.906111111,0.0,0.5972950944383607,5.0
Frac 21,2024-10-06,0.0,0.0,0.0,0.0,0.0,,
Frac 40,2024-10-07,6.861944444000001,1.0,0.5497222230000001,16.071666667,15.200555556,6.098214285089063,1.0
Frac 18,2024-10-07,5.151666667,0.323611111,0.0,11.414444444999999,5.756111111,0.8532646047890117,2.0
Frac 32,2024-10-07,7.677222221999999,0.731111112,0.165277778,8.685555556999999,0.0,0.7807023151829457,3.0
Frac 38,2024-10-07,7.317222222,2.495833333,0.67138889,10.74111111,0.0,0.38636598732661276,4.0
Frac 08,2024-10-07,9.053888889,5.476388889,0.51,15.172777778,0.0,0.20217128629193845,5.0
Frac 10,2024-10-07,5.410277777,2.711111111,1.040833333,9.467499998,0.135,0.1776944370056672,6.0
Frac 90,2024-10-07,0.0,0.0,0.0,0.0,0.0,,
Frac 90,2024-10-08,6.223055555,0.046388889,0.0,6.582222221,0.0,0.9383862255962567,1.0
Frac 21,2024-10-08,12.302222221000001,1.565,0.0,15.071388888,2.3000000000000003,0.8407247101439922,2.0
Frac 32,2024-10-08,17.837499999,1.435000001,0.046944445,19.477777779,0.0,0.8397033654749757,3.0
Frac 40,2024-10-08,16.466388889,2.87861111,0.404444444,19.861111108,0.0,0.6637762239641162,4.0
Frac 39,2024-10-08,10.418333333,2.052777778,0.655277778,14.228333333,1.418888888,0.6019213253241132,5.0
Frac 38,2024-10-08,9.850555556,2.406944444,0.895555556,13.437499999,0.0,0.4872971576920779,6.0
Frac 08,2024-10-08,0.0,0.0,0.0,0.0,0.0,,
Frac 10,2024-10-08,0.0,0.0,0.0,0.0,0.0,,
Frac 90,2024-10-09,10.986388889,0.609722221,0.0,12.037777777,0.748333334,0.9191476799758763,1.0
Frac 32,2024-10-09,8.089722222,0.854166667,0.10166666699999999,9.10638889,0.0,0.7833938319759152,2.0
Frac 38,2024-10-09,12.083055555,2.0072222220000002,0.231388889,14.586388887,0.104444444,0.6797736645619031,3.0
Frac 40,2024-10-09,14.051944445,2.773611111,0.018333333,16.931388889,0.01,0.6654300113816148,4.0
Frac 10,2024-10-09,8.6,2.23388889,0.056666667,11.172777779,0.0,0.5647158269682077,5.0
Frac 18,2024-10-09,6.194166666,0.225555555,2.220555556,8.869722222,0.063333334,0.42560640946793493,6.0
Frac 08,2024-10-09,6.416944444,6.340277778,0.711388889,13.546944445,0.0,-0.04685353406275075,7.0
Frac 90,2024-11-01,11.383333334,1.066666665,0.500000001,23.983333336999998,22.066666674,5.121739140928551,1.0
Frac 39,2024-11-01,12.558611112,2.0,0.6952777779999999,21.538611113,11.886666668,1.0219011713343942,2.0
Frac 32,2024-11-01,19.538055556,1.216666668,0.3275,21.378611114999998,0.0,0.84167716935432,3.0
Frac 40,2024-11-01,17.379166666,2.284166667,0.5786111110000001,20.363611111,0.0,0.7128592668988137,4.0
Frac 08,2024-11-01,19.240277778,3.4380555559999997,0.787777778,23.942222222999998,0.0,0.6271115648394757,5.0
Frac 38,2024-11-01,15.2475,3.0,2.063055556,21.238611113,1.348888888,0.5120455845883489,6.0
Frac 18,2024-11-01,12.277499999,4.574444444,0.641666667,18.491111111,1.049444444,0.4048574613204996,7.0
Frac 21,2024-11-01,8.178055556,2.0,2.140555555,13.218333333,1.553333334,0.3461208745260283,8.0
Frac 10,2024-11-01,11.525833334,6.875555558,0.0,18.463055558,0.0,0.2518693485697195,9.0
Frac 90,2024-11-02,11.599999999,0.266666667,0.0,11.866666665999999,0.0,0.9550561797165762,1.0
Frac 39,2024-11-02,13.136388889,1.136111111,1.722222222,20.940555556,9.26888889,0.8805987910827129,2.0
Frac 40,2024-11-02,14.970277779,1.1880555560000001,0.020555556,16.268611112000002,0.0,0.8459029828827344,3.0
Frac 10,2024-11-02,14.635277778999999,3.292777778,0.0,18.06027778,0.0,0.6280357444756866,4.0
Frac 32,2024-11-02,7.545555555,0.866666668,1.610833333,12.031388888999999,3.772222222,0.6136279552572446,5.0
Frac 18,2024-11-02,12.319722222,2.198611111,0.961666667,16.259166667,1.1372222220000001,0.605705468454391,6.0
Frac 08,2024-11-02,3.8936111110000002,0.765277778,0.468611111,5.230277778,0.0,0.5085240851236488,7.0
Frac 38,2024-11-02,10.305833333,1.866388889,2.382222221,16.710277776,3.914444444,0.4733745795087854,8.0
Frac 32,2024-11-03,9.515277779,0.515555556,0.051111111,10.378333336,0.253333334,0.8838134429859132,1.0
Frac 38,2024-11-03,14.474722222,1.976944445,0.0,16.734444444,0.0,0.7468295597635436,2.0
Frac 39,2024-11-03,6.745555555,2.053333333,0.0,10.711111110000001,3.188888888,0.6237813884674676,3.0
Frac 90,2024-11-03,9.133333336,2.916666668,0.15,13.550000003000001,2.699999998,0.5591397848114562,4.0
Frac 08,2024-11-03,6.126944444,2.503055555,0.098611111,9.75722222,1.702777778,0.43768105961689874,5.0
Frac 10,2024-11-03,3.391388889,2.375277778,0.0,5.822777778,0.0,0.17450624937794076,6.0
Frac 40,2024-11-03,7.624166668,3.897777776,1.683611111,13.2725,0.0,0.15391055046148047,7.0
Frac 18,2024-11-03,1.790833333,0.425,0.0,17.295,23.27,-0.22859135280334733,8.0
Frac 18,2024-11-04,6.286944444,0.888611111,0.093333333,21.374444444,20.228611112,4.629818187205597,1.0
Frac 10,2024-11-04,21.754722223,1.140277778,0.0,23.009722222,0.0,0.8959014909484725,2.0
Frac 38,2024-11-04,6.930000001,0.5,0.413333333,8.89,1.520555554,0.8164342254137944,3.0
Frac 90,2024-11-04,14.329444444,1.860833333,0.0,16.379722223,0.0,0.7612223785756198,4.0
Frac 32,2024-11-04,15.035277777000001,1.073055557,1.641388889,17.909166668,0.0,0.6879624026848105,5.0
Frac 40,2024-11-04,8.8875,2.245,0.0,11.200555555000001,0.0,0.5930509399629507,6.0
Frac 21,2024-11-04,6.039444445,6.258055556,0.0,16.509166668,7.573333334,-0.02446454659893956,7.0
Frac 39,2024-11-04,5.8319444439999995,12.742222223999999,0.115833333,18.913611112,0.0,-0.37148438081938706,8.0
Frac 40,2024-11-05,12.365833334,1.7683333330000002,0.019166666000000002,14.383611111,0.31388888800000003,0.751850901342418,1.0
Frac 90,2024-11-05,20.578333333,1.9088888880000001,1.147222223,23.962777777,0.0,0.7312266710088267,2.0
Frac 38,2024-11-05,12.640833333,1.8875,0.191388889,14.898611113,0.0,0.7089214131365589,3.0
Frac 18,2024-11-05,4.333055556,1.228333333,0.0,5.641944444,0.0,0.5502929448909688,4.0
Frac 10,2024-11-05,7.424722222000001,3.899722222,0.524444444,11.892499999,0.0,0.2523065424639317,5.0
Frac 32,2024-11-05,5.072500001,0.935555556,2.273055556,8.408055558000001,0.0,0.2216789454045137,6.0
Frac 90,2024-11-06,12.321111111,0.8455555560000001,0.0,15.240833333,3.941111108,1.0155608541961305,1.0
Frac 32,2024-11-06,17.21361111,0.709166667,0.0,18.057777777000002,0.0,0.9139798178279462,2.0
Frac 38,2024-11-06,12.462222222000001,2.0475,0.365,15.671111113,1.308333334,0.6997060301729258,3.0
Frac 40,2024-11-06,14.268055556,2.909722221,0.7141666659999999,17.979722222,0.0,0.5920095170311247,4.0
Frac 10,2024-11-06,0.0,0.0,0.0,24.0,48.0,-0.0,6.0
Frac 18,2024-11-06,0.0,0.0,0.0,24.0,48.0,-0.0,6.0
Frac 39,2024-11-06,0.0,0.0,0.0,24.0,48.0,-0.0,6.0
Frac 21,2024-11-06,0.0,0.0,0.0,0.0,0.0,,
Frac 32,2024-11-07,2.671666667,0.0,0.0,2.671666667,0.0,1.0,1.0
Frac 39,2024-11-07,4.079722222,0.5,0.0,5.6172222220000005,2.0311111119999996,0.9982184355687739,2.0
Frac 18,2024-11-07,4.665277778,1.250277778,0.0,18.769999999,12.780555555,0.5701697431088151,3.0
Frac 38,2024-11-07,8.988611111,2.4274999999999998,0.654722222,12.354999999,0.208888888,0.4862781869046909,4.0
Frac 08,2024-11-07,1.895277777,1.0,0.437222222,5.213055555,0.291111112,0.09306394257485932,5.0
Frac 10,2024-11-07,3.4555555549999997,4.034166668,0.0,7.594166667,0.0,-0.0761915215153653,6.0
Frac 90,2024-11-07,0.431111111,0.0,0.0,2.197500001,3.486666668,-0.33441068717920863,7.0
Frac 21,2024-11-07,0.0,0.0,0.0,0.0,0.0,,
Frac 18,2024-11-08,4.291944443,0.24999999899999997,0.673055556,10.131666665000001,9.617222221999999,6.548596128970114,1.0
Frac 21,2024-11-08,13.23638889,1.334722222,0.0,20.833055556,12.422222222,1.4150401268669341,2.0
Frac 39,2024-11-08,12.243888888,1.513055555,0.0,17.612499998,7.385555556,1.0492707175498706,3.0
Frac 38,2024-11-08,3.0783333330000002,0.0,0.0,3.152499999,0.0,0.9764736983271923,4.0
Frac 32,2024-11-08,20.403333332,0.826944444,0.0,21.346666665,0.0,0.9170700604088905,5.0
Frac 40,2024-11-08,6.08,1.774999999,0.047222222,8.029444444,0.017777778,0.5314471952595338,6.0
Frac 18,2024-11-09,11.724166666,0.405555554,0.0,12.496666666,0.378333334,0.9340072435630872,1.0
Frac 90,2024-11-09,6.285833334,0.458333333,0.0,7.185000001000001,0.608888888,0.8861620341967601,2.0
Frac 32,2024-11-09,5.275,0.216666667,0.057777778,5.668611113,0.0,0.8821482820601456,3.0
Frac 40,2024-11-09,8.288055556,1.508888889,0.433333333,10.664722223,0.698888888,0.636758926292038,4.0
Frac 10,2024-11-09,9.971388888,2.383333333,0.0,12.551666666000001,0.0,0.6045456557219251,5.0
Frac 38,2024-11-09,8.070277778000001,2.1675,0.28055555600000004,10.705277778,0.0,0.5251822828506152,6.0
Frac 39,2024-12-01,2.525833333,0.0,0.0,2.9652777770000003,0.878888888,1.2106244172967313,1.0
Frac 40,2024-12-01,14.794722223,0.989166667,0.20861111100000002,16.161666667,0.0,0.8413083084285594,2.0
Frac 32,2024-12-01,18.696388887999998,1.630277778,0.7575000000000001,21.400277777,0.0,0.7620747394002388,3.0
Frac 90,2024-12-01,13.166666666,1.233333333,0.8,15.199999999000001,0.0,0.7324561403771352,4.0
Frac 21,2024-12-01,3.234166667,0.5,0.0,3.755555556,0.0,0.7280325443812979,5.0
Frac 38,2024-12-01,15.682499999,3.0,1.4925,23.973333333,7.128333334,0.6642920747797146,6.0
Frac 08,2024-12-01,16.567222223,3.650833334,0.222777778,21.768333336,1.591666666,0.6291232996317325,7.0
Frac 18,2024-12-01,16.585833333,4.267222222,0.7491666670000001,22.7725,1.5322222220000001,0.5446936506632347,8.0
Frac 10,2024-12-01,7.183333333,12.801388891,0.0,20.049444446,0.0,-0.2802100363993298,9.0
Frac 32,2024-12-02,12.137222223,0.5025,0.0,12.779444445,0.0,0.9104247272307776,1.0
Frac 18,2024-12-02,13.5925,1.985277778,0.441666666,16.449999999,0.0,0.6787571766977968,2.0
Frac 40,2024-12-02,10.96138889,2.2427777779999998,0.053055556000000004,13.358888892,0.0,0.6486733759114793,3.0
Frac 10,2024-12-02,8.33138889,3.709722222,0.0,12.081944445,0.0,0.3825267273027922,4.0
Frac 39,2024-12-02,5.360833333,1.952222222,1.102222223,9.312499999,0.812777778,0.27134873682126653,5.0
Frac 38,2024-12-02,5.304444445,2.405555556,1.457222221,11.973611111,5.407222222,0.219552434735487,6.0
Frac 90,2024-12-02,0.0,0.566666667,0.0,0.566666667,0.0,-1.0,7.0
Frac 08,2024-12-02,0.0,0.0,0.0,0.0,0.0,,
Frac 40,2024-12-03,5.140555556000001,0.0,0.0,5.17,0.0,0.9943047497098647,1.0
Frac 39,2024-12-03,13.972777777,0.483611111,0.4325,14.979722222,0.0,0.87162274924059,2.0
Frac 32,2024-12-03,7.3999999999999995,0.878888889,0.0,9.036111113,1.168333334,0.8288377346403443,3.0
Frac 38,2024-12-03,12.217500001,1.7725,0.0,14.31638889,0.396111112,0.7503442221180078,4.0
Frac 90,2024-12-03,9.1,2.06666667,0.283333334,12.833333337000001,2.766666666,0.6705298006385136,5.0
Frac 18,2024-12-03,4.662500001,0.966944444,0.0,5.692222223,0.0,0.6492289675669607,6.0
Frac 10,2024-12-03,0.0,1.166666667,0.0,0.0,0.0,-inf,7.0
Frac 32,2024-12-04,14.843333333,1.300555556,0.031388889,16.30277778,0.0,0.8287783266343461,1.0
Frac 38,2024-12-04,13.719999999,1.188888889,0.880833333,16.163888886,0.333333334,0.7359361292616247,2.0
Frac 90,2024-12-04,12.814444446,1.7327777770000001,0.525277778,15.41111111,0.247222222,0.696153141781053,3.0
Frac 10,2024-12-04,18.197222222,4.060555557,0.0,22.831944444999998,0.0,0.6191617494100818,4.0
Frac 40,2024-12-04,10.699722222,2.514722222,0.0,13.297222222,0.0,0.6155420931792863,5.0
Frac 39,2024-12-04,8.130833333,1.649722223,0.550833333,10.915555557,0.165,0.5516252388592722,6.0
Frac 18,2024-12-04,5.081111111,0.7530555560000001,0.0,14.072777777999997,16.23388889,-2.0026992277109703,7.0
Frac 32,2024-12-05,13.876944443,1.1958333349999999,0.203333334,15.439166666,0.0,0.8081898488393453,1.0
Frac 90,2024-12-05,14.300833334,1.625833332,0.8474999999999999,17.51388889,0.809444444,0.708045097832163,2.0
Frac 18,2024-12-05,2.576944444,0.5,0.0,19.044166661,15.888055551,0.6580707622806098,3.0
Frac 40,2024-12-05,7.266944444,2.274722222,0.654166666,10.282222221,0.0,0.421898638520001,4.0
Frac 10,2024-12-05,9.393611111,4.211944446,0.247777777,13.97638889,0.0,0.35301599911334464,5.0
Frac 08,2024-12-05,0.455,0.0,0.0,23.112499997,0.0,0.01968631693062451,6.0
Frac 38,2024-12-05,6.268611112,0.465277778,0.0,19.480833332,25.365555550000003,-0.9861694603441002,7.0
Frac 90,2024-12-06,8.980277778,0.380833333,0.11111111100000001,15.193888889,9.34111111,1.4503084953022611,1.0
Frac 32,2024-12-06,15.552500001,0.9886111120000001,0.433055556,17.08666667,0.0,0.8270093638456869,2.0
Frac 40,2024-12-06,12.85388889,1.627499999,1.2430555549999998,18.046388889,4.487777778,0.7363094386489629,3.0
Frac 10,2024-12-06,8.914444446,2.388055555,0.0,13.512222222,4.072222222,0.6913547554025422,4.0
Frac 38,2024-12-06,13.630833332,2.116111111,0.7008333330000001,16.699444442,0.0,0.6475597991034053,5.0
Frac 18,2024-12-06,0.0,0.0,0.0,24.0,48.0,-0.0,6.0
Frac 39,2024-12-07,9.912499999,1.5,0.195,14.671666666,5.528333334,0.8987422530293461,1.0
Frac 40,2024-12-07,2.018055555,0.5,0.0,3.283611111,1.515,0.8583320242411392,2.0
Frac 38,2024-12-07,13.191666667,1.3427777779999999,2.2741666670000003,19.167222222,4.594444444,0.6570279440104146,3.0
Frac 10,2024-12-07,5.2136111110000005,2.319166667,0.0,7.577222223,0.0,0.38199281462462137,4.0
Frac 18,2024-12-07,2.307777778,1.541666666,0.205555556,18.413611112,14.203611112,0.13314858812351546,5.0
Frac 90,2024-12-07,10.495277776,1.335833333,7.049444445,19.136666666,0.018333334,0.1103652688421491,6.0
Frac 08,2024-12-07,3.349722221,2.588888889,1.117777777,7.258333330999999,0.14833333399999998,-0.05020315684256113,7.0
Frac 21,2024-12-07,0.0,0.0,0.0,0.0,0.0,,
Frac 32,2024-12-07,0.0,0.0,0.0,0.0,0.0,,
Frac 32,2024-12-08,17.778611111,0.47833333299999997,0.085833333,18.462222223,0.0,0.9324145401930254,1.0
Frac 39,2024-12-08,10.001111111,1.367222222,0.144444444,12.952499999999999,1.815555556,0.76227770441772,2.0
Frac 18,2024-12-08,10.47361111,1.393611109,1.1036111119999998,15.141388886,3.692222222,0.696678555137155,3.0
Frac 40,2024-12-08,13.283888888,2.626666668,0.0,15.995555557,0.0,0.6662614613179952,4.0
Frac 21,2024-12-08,9.745833333,1.600555556,5.193055556,16.618055556,0.0,0.17765148341522372,5.0
Frac 90,2024-12-08,2.558055555,0.020833333,4.343888889,9.951666666,5.953888890000001,-0.45191773235771776,6.0
Frac 38,2024-12-08,0.0,0.5,0.0,0.0,0.0,-inf,7.0
Frac 10,2024-12-08,0.0,0.0,0.0,0.0,0.0,,
Frac 38,2024-12-09,0.267222222,0.0,0.0,0.267222222,0.0,1.0,1.0
Frac 18,2024-12-09,10.589999999,0.416666665,0.5725,12.86972222,2.1961111119999996,0.8994925182166381,2.0
Frac 32,2024-12-09,6.982222222,0.878611112,0.0,7.885833335,0.0,0.7739969703531656,3.0
Frac 40,2024-12-09,10.506944445,1.244166667,0.18,12.008333335,0.0,0.7563728891108435,4.0
Frac 90,2024-12-09,6.175833334,1.038611111,0.153888889,7.452777779,0.0,0.6686544912209438,5.0
Frac 10,2024-12-09,10.176666666,3.871666667,0.0,14.270833334,0.0,0.44181021888738986,6.0
